venueID,venueCatShort,venueLat,venueLon,venueName
5b544699835c9a0039ff1b0b,Monastery,37.905846,24.769469,Ιερός Ναός Αγίας Μαρίνας
4e10a763d4c07597ff79dea5,Beach,37.896446292481016,24.711198752231887,Fellos (Φελλός)
4bffe0c8c30a2d7fb694111d,Island,37.882647557725335,24.736534085158187,Andros (Άνδρος)
4e783c72d4c0b42f2c504b30,Boat / Ferry,37.88437443335084,24.73529924603197,F/B Theologos P (F/B Θεολόγος Π)
57a0a0bccd103fc599aa8b1d,Boat / Ferry,37.884666,24.73505,F/B Superferry
576518ad498ec718219f31c4,Other Outdoors,37.896385,24.711903,Ατένι Village
522a9a1011d2e5c3650e6d95,Real Estate,37.881015732641806,24.743734330860256,Andros Real Estate
4db288ec43a17e74378baadf,Café,37.88415330480767,24.736588274134412,Λάας
53cb982a498e10c40b19eef1,Bookstore,37.89745303006096,24.72488121064308,Πρακτορείο Τύπου
4fe74ff1e4b079b381926fcc,Boat / Ferry,37.88023496575575,24.73116569291564,Blue Star Ithaki
4e5d08e4d164ced553f26de6,Shops,37.883498516338506,24.735194893236994,Kaki pantelona
5030ac7ae4b06d3d08a69794,Medical,37.88447198082829,24.735467369916254,Ιατρικός Κύκλος Άνδρου
57ef63ec498e954643a06458,Rental Car,37.884743,24.736774,Euro Rent A Car
5037e678e4b0c89c239fadca,Housing Development,37.88420802664051,24.72990184820248,Νανι'ς Ξενώνας
5055d09ce4b0f81fa15996b3,Candy Store,37.88412562303484,24.736360164409042,Ζούμπερης Μιχ. Πέτρος
53da7c88498e1a43762dec39,Furniture / Home,37.886843595678094,24.73710802303815,Μιχ.Γιαννακαρωνης
5791ea0f498ee95906beab1a,City Hall,37.883342,24.736581,Ληξιαρχείο Γαυρίου
5729a98b498e55b4a94f862d,Office,37.882441,24.738985,α.τ γαυριου
5b3a78ab67f62b002cda8856,Tsipouro Restaurants,37.884632,24.736828,μπαρκαρούτσος ρακοκαφενές
50a7c3edc84c4be65012eef9,Automotive,37.881966880263896,24.74097490310669,"Αllwheeldrive ελαστικά, ζάντες, ανταλλακτικα, αξεσουάρ"
552d52bd498e1e53488e5ee2,Bakery,37.885694,24.737353,Αρτοποιϊα Πετράκης
5142d403e4b0df06d173b73e,Supermarket,37.88465628244079,24.736702208469694,ΑΒ Βασιλόπουλος
56e873e0498ea692e52cdb69,Rental Service,37.88140062286737,24.737919650811435,escape in andros
518e7ff2498eaa3294eb3561,Lighthouse,37.88556876683053,24.737258754047815,Φάρος Γαυρίου 8022
556c3804498e690b00e111ae,Deli / Bodega,37.88345249594452,24.7355427357701,Ανδριακον Παντοπωλειο
5685404c498eea556e9f2089,Travel Agency,37.88418993689756,24.736632640212324,"Πρακτορείο Εισιτηρίων ""Porto Andros"" (Άννα Στυλιανού)"
50688f54e4b007c93820f49a,Deli / Bodega,37.88332169214379,24.735676075319304,Ανδριακον
4c1e0247eac020a1980949c2,Boat / Ferry,37.884704262143565,24.735490559411414,F/B Superferry II
5329d67b498e7526edf9ce68,Fast Food,37.8850581571191,24.736731195239653,Tropo Bello
4e2a81bbd4c0e5c89aba2be0,Pizza,37.88483358225725,24.73674858730052,Pizza Memories
4e3ad9ec88772c3bf1274806,Bookstore,37.88444588742571,24.73666162698785,Το λογάρι
4eb0f8907ee59218bc98bb66,Pharmacy,37.88432550055668,24.736493503657524,Φαρμακείο Κοζανίτης
59a530fe61f0705addfea555,Post Office,37.88601,24.737103,Ελτα Γαυρίου
4c6b03d09669e21e4a14aa51,Port,37.88428992793711,24.736394948565547,Port of Andros (Λιμάνι Άνδρου)
4f87ecebe4b0abaa0138034e,Bakery,37.89439732467165,24.74952572880429,Lets go to the Furnos
521b8be711d2307cc092fe3a,Stables,37.88907652373214,24.73443543587997,Κάμπος Γαυρίου
53b68399498e3d4b937b8b58,Building,37.885221163262976,24.73713700977565,Υποθηκοφυλακείο Γαυριου Ανδρος
520150bb498e5b66116ea4e5,Gift Shop,37.88385687354258,24.73662684285694,Φρου φρου
4e46f3cbb0fb93df2711415c,Bar,37.88397451614819,24.736507448642836,Εν Γαυρίω
52374428498ecba79cabaf30,Café,37.88374951825615,24.736522796620143,Ευτυχία
51ff5c87e4b0dd7adc3fb719,Art Gallery,37.88425,24.736346,Ο Φακός Του Ποιητή -Ανδρέας Εμπειρίκος
50558eb6e4b096ad9a0606c4,Gourmet,37.88349366154251,24.735739846390707,Παραδοσιακό Παντοπωλείο
53bbd389498edf5cfce9c77d,Greek,37.88326634972803,24.736539882515057,Τρία Αστέρια (Χαλάς)
4e2eef39b0fbdc2b64fbf4cb,Restaurant,37.885282,24.737252,ΑΣΤΕΡΙΑΣ
579960da498ec6d5029ddb30,Creperie,37.884437,24.736198,οι κρεπες του γαυριου
4e41a3d8c65b782238e68fc9,Bar,37.88528201637601,24.737231081020095,eleven
55cf9c79498eeb37d0e646af,Souvlaki,37.88345774249684,24.736216114206407,Τα Σουβλάκια του Γαυρίου
51e82119498eb770bee2e96b,Greek,37.882068496525726,24.746532440185543,Καμάρες
522016d0498e7381a57ea4dc,Boat / Ferry,37.88376208024781,24.734945297241207,F/B Aqua Spirit
5bddc4d8356b49002c2d403c,Boat / Ferry,37.884586,24.735485,F/B Fast Ferries Andros
4e58e59b18a8c20475037ebe,Greek,37.900539497205706,24.71166837053817,Το Στέκι Του Ανδρέα
53a953b4498e1e9a9963c504,Automotive,37.88364791870117,24.736766815185547,"Colours ""rent a car"""
592d5b451987ec5c596e42b3,Italian,37.885727,24.737354,Il Tricolore
4e5138a7c65bb313ba9e8e3e,Butcher,37.882375275555695,24.7415545614507,Βιταλιώτης Super Market - Κρεοπωλείο
51fa9db9498e0c9af5fc5562,Desserts,37.884470923024516,24.736516791268475,Ζαχαροπλαστείο Φυρίου
4c6ad9aca48420a1a2a6080b,Seafood,37.886262,24.7369,Sails
51cf587b498e0a433255540e,Wine Bar,37.88334522833756,24.736913268978693,Thiriotrofeio (Θηριοτροφείο)
50069c6ce4b0e7aa50693fb9,Desserts,37.88414902900659,24.73634856968946,Ανθός Γαυρίου
5443e75f498e8beae03f9951,Bank,37.88345723805212,24.73634004592895,Piraeus Bank (Τράπεζα Πειραιώς)
4ff54853e4b00ee3e53da91a,High School,37.886539473239424,24.738228321075436,Gavrio High School (Γυμνάσιο Τ.Λ. Γαυρίου)
4d74dcfb9d2fa143577af7d6,Greek,37.88339425333336,24.73648770629991,3 Stars
4d8f336fd00a6ea8afc3c94f,Greek,37.8838463124301,24.736887723757384,Aspro Piato
51881ba9498e99d0bbcdc300,Field,37.8945198059082,24.74954605102539,τοπικά 7  beaufort
535dfa96498ef4f4b6bdecc4,Tourist Information,37.87699508666992,24.745407104492188,Fast Ferries praktoreio
5236528e11d201dc7a5a6562,Nightlife,37.88349930998271,24.7359659437353,Αψεντι
51faccee498eb97df023a7cf,Cemetery,37.888429,24.733623,Παραδεισος Οικια
4deb30e71f6e3ddebde0dc4c,Bakery,37.88568281134024,24.737234626850224,Gavrion Bakery (Φούρνος Κοκκίνη)
5784d26d498ecd4bcee6131d,Rental Service,37.882957,24.73507,Rent A Bike A. Mamais
501ea214e4b0dbd4423bcf2d,Greek,37.883421021316835,24.736325380249195,Άψε Ψήσε
51ec3783498e278720a5fd3c,Souvlaki,37.886717,24.737209,Σουβλάκι Time
53552d2c498e9ecbd6cf3e24,Ice Cream,37.8834320420625,24.73582581630293,Παγωτά δωδώνη
5394a0fe498e2faabd5824ca,Greek,37.886075,24.737234,Νόστιμον Εστί
572a0df2498e616d4f134d01,Gas Station,37.883056,24.735094,elin gauriou
523dde9911d22459f33bae58,Greek,37.885799407958984,24.737211227416992,Pame Vaggeli
5321cd19498e267196d1e715,Café,37.88448162270817,24.736568869298008,Μπαρπα Γιαννης
51d71f4f498e54c6a3b1c7d9,Greek,37.871837,24.736544,Βιομηχανος
5213acae11d2529d9b13da45,Beach,37.887471172681664,24.73456297844801,Παραλία Γαυρίου
4e1a0f13183880768f51b614,Seafood,37.883165585977714,24.73534957941483,Karavostasi (Καραβοστάσι)
5341b851498e32b41fc8a719,Café,37.885283182163,24.737249066965312,Σαν Παραμύθι
505359d6e4b0f81fa0000181,Bus,37.884641833789296,24.736279001364203,ΚΤΕΛ Άνδρου
4e1c415ffa769b7ee689320b,Hotel,37.885104289579004,24.735960146369255,Galaxy Hotel
51bb87e2498e8b21dea7071f,Pool,37.89450454711914,24.74937629699707,Looking at the stars & galaxy
4e32b6791f6e2137f9347451,Hotel,37.879588,24.736357,Andros Holiday
55a59530498edd87c946e313,Meze Restaurants,37.883056640625,24.736440658569336,Χίλιες Βραδιές
520152f4498e3ccb673087a9,Playground,37.88242482888846,24.73967623897873,παιδικη χαρα γαυριου
5991fceeb6b04b632845ac80,Elementary School,37.88652,24.737955,Δημοτικό Σχολείο Γαυρίου
53de5b95498eda7a37dad2c2,Field,37.894432067871094,24.749534606933594,Κοιτώντας έναν τζίτζικα
5b407f51b9b37b00399e9cdf,Hotel,37.882063,24.744821,Aelia Suites
5142cf9de4b0b2f09bf4a174,Hotel,37.89311032848248,24.746050360085942,Kymothoi rooms & pool bar
4b8dbe19f964a5208e0b33e3,Town,37.884524180216374,24.737627506256104,Gavrio (Γαύριο)
4e2b39d1e4cd3bc166933db9,Greek,37.88556394404372,24.73727192982628,Αρχοντικό της Μιράντας
4bd10cfb20cd996016ad2e9e,Resort,37.879717193432285,24.73658626136666,Andros Holiday Hotel Gavrio
4eb158f9b63434fc870eec93,Hotel,37.88243041918339,24.739386373531577,Ostria Hotel & Apartments
53ee01e9498eedaedec02992,Café,37.885253,24.737351,San Paramuthi
599be87c947c05572b5b702a,Club,37.884445,24.736433,Κομμωτήριο Αντώνης
500af426e4b02a36ea0d678a,Campground,37.884469248181546,24.741444413179767,Camping Andros
538b85f7498e579bdbb8e4fd,Greek,37.88463712320955,24.73667901905205,Πάμε Βαγγέλη
4c40caf7af052d7f875c7c79,Cocktail,37.881340836211834,24.738014174363165,Απόμερο
4eb24942b803483509fe7762,Boat / Ferry,37.878454963399555,24.75369965168748,Πηνελόπη Άνδρος- Τήνος
5766f4f1498ec123bf7252ab,Pizza,37.88163996322593,24.751717773244927,Pizza Bar Hot Spot
56e41753498e053778df2971,Restaurant,37.877733,24.755663,ταβερνα ο γιαννουλης
51cc612d498e69a4f429df23,Island,37.88018035888672,24.75564193725586,"Загородная резиденция SDS (Греция, о. Андрос)"
4db4b63443a1369cb5c0d754,Nightclub,37.8818010235451,24.750632982480692,Marabou
4c5e8bc394fd0f475d8ace45,Beach,37.87846178219166,24.753688114899397,Agios Petros Beach (Παραλία Αγίου Πέτρου)
58f9ee62916bc14579035ea1,Bakery,37.881363,24.752066,Άρτος - Καφές
53e9e69b498e26df2fbbbb01,Church,37.878544724510945,24.75357211587053,Αγ. Πετρου church
53afef7d498e513b9047b21e,Beach Bar,37.877762901792636,24.75469862698566,Funky Donkey
53a03679498ec5085997d969,Greek,37.88165781271433,24.751804001032216,Αψε Ψήσε 2
598f52d92955134db140a311,Restaurant,37.881414,24.751904,Burger Hot Spot
57656d81498e6aa8a7f8b6b8,Ice Cream,37.878418,24.754911,Gelato Italiano
55c9edb0498e6dce6756f5d9,Beach Bar,37.87836550330307,24.75392573779753,St. Peters beach bar
4c8b5bae3dc2a1cd7a77b532,Greek,37.87773052711635,24.755713563019718,Γιαννούλης
57234f85cd1040df6021f703,Hotel,37.88403,24.752157,Aelia Apartments
4c56bfc8b7a31b8de6964eda,Beach,37.88144738089304,24.751705450114002,Ψιλή Άμμος
4dd0107345ddbe15f8b11682,Hotel,37.883822,24.752346,Allegria Studios
4e3a98ee62846d37888c3c85,Greek,37.878901,24.754709,Κυρά Μαρία
4fccc580e4b02511183d3128,Beach Bar,37.87916122453865,24.752410088762822,Kalyva Beach Bar
55e9445a498e64d23aeec48c,Vacation Rental,37.88345786287412,24.750696750932214,Irene Studios
5819a1ba49e900413a3456f7,Boxing Gym,37.882279,24.750524,cross boxing club
4e510b45483bb77049257d40,Hotel,37.88053716208142,24.75565997523404,Ionia studios
55bbc057498e6973fa604f15,Hotel,37.87620839634849,24.76646661758423,Perasma Studios
4e313a86d4c0b2aebf6e14c7,Surf Spot,37.87937677322539,24.751821022878275,Andros Surf Club
53cab4d1498e859188d7a128,Resort,37.87869455765222,24.754696748336954,Niriides Hotel Suites
578a631238fa871db4465d9c,Surf Spot,37.87828283399971,24.75411704131833,On Board Water Surfing Club
51597f0ce4123b2c4c68acad,Mediterranean,37.876205282165984,24.762354033042033,Cyclades Restaurant
578ccae3498e916cff348443,Pool,37.876134,24.763519,Perrakis pool bar
4bd10cfe20cd99601bad2e9e,Hotel,37.87625230400416,24.762594734049753,Perrakis Hotel
4e4bf2df6284a0b024b99824,Beach,37.87613655530025,24.763366055474464,Perrakis Beach
4f8bbd8be4b0e81f698c3e55,Resort,37.87772305750269,24.761108245721466,Andros Prive Suites
4f483387e4b0b0b999e19d9a,Beach,37.875952243840146,24.764905235948056,Kypri (Κυπρί)
5b2d7b17e1f228002c0da518,Hotel,37.876263,24.765673,Filio Guesthouse
51bad77e498e3474b836db6d,Athletics & Sports,37.87591073768143,24.766094564822012,wesurfin' surf club Andros
4c418710d691c9b6e6e18c0a,Beach,37.87573587713583,24.758849392111244,Golden Beach (Χρυσή Άμμος)
53ec876a498ea3342cc2b65c,B & B,37.856729,24.779145,Nora Norita
502cee34e4b0a9acfdc7a3f3,Beach Bar,37.87576882089424,24.758922953431416,Golden Beach-Bar
521b3b7111d27bb5791bfe89,Beach,37.875677,24.75844,Lefka
534cf588498e9dd3c9b09edf,Beach,37.88153978322976,24.756557601563564,Λιόπεσι
51f408b3498e313f9fe01d01,Church,37.87213520162541,24.770012269409385,Άγιος Κυπριανός
597387c7d41bb7405aeee18d,Beach,37.872105,24.76939,Πλάκες
571b5e35498e1e1f7ea94ef2,Garden Center,37.855752,24.785296,ανθη ανδριανη
4f4a84f9e4b04a4131173216,Military Base,37.85534560454903,24.78544886429085,Φ/Γ Σαλαμίς
4e4e12d01f6eae4d2506b274,Hotel,37.88409,24.758481,Villa Helen
55c78d3d498e90aa8d45d947,Vacation Rental,37.87706317539433,24.756673542256394,Tetrafylli Studios
51fe097c498e1f00780cf6f3,Vacation Rental,37.87664794921875,24.75721549987793,villa maniati
4e3d63f01495bf24a5d97707,BBQ,37.859734342066645,24.78535032261521,To Steki Tou Lewnida
4e45133e52b18fcc79a23630,Supermarket,37.86250212634411,24.78838396397017,ΑΒ Shop & Go
4e4724fa18a8f9804cd3782e,Bar,37.85870104932623,24.78544306772244,Αψέντι
54607f9b498ed1b7f6c7625e,Housing Development,37.8640596944416,24.781275310678787,Villa Panorama
53a9385b498e4cdd12d83a22,Café,37.85874823214579,24.785372542791087,Veranda Batsi Beach
57af5858498e2bf4f22585d4,Vacation Rental,37.878032,24.756679,Aithra Apartments & Maisonettes
4e1c018cc65be9fffd77f8df,Beach,37.85846435487588,24.78486657142639,Batsi Beach (Παραλία Μπατσίου)
50311530e4b07d6b35b873e1,Greek,37.858022,24.784594,Lagoudera
51d87069498e96dcb6ca3762,Greek,37.8721737457395,24.770522389075794,Άγιος Κυπριανός
502b0238e4b0a18c181f904f,Residential,37.867433,24.773533,Mare Blue
53e69c78498ee825dbd05fd1,Fish Tavernas,37.8600625051575,24.78264331418117,Λαγουδέρα
502fa7b2e4b04d70be7607d0,Greek,37.858905,24.780991,Cavo D' Oro
53f32c4a498e5e6a7812a459,Non-Profit,37.86126,24.78166,"Υδρούσα, Άνδρος"
4f8d617ae4b021137a6a1292,Bridge,37.86009488963658,24.78537930546381,Κάμπος
57cd91b7cd10abf33fb4c8b3,B & B,37.859349,24.779158,Hermes Suites
4e6e557e8998a706cde8ca76,Greek,37.86266455037165,24.78577347197106,Aerides
598b748935dfa7464edcf293,Italian,37.858823,24.785486,Tartufo
598b305a62420b0193e95da3,Beach,37.872414,24.769178,Agios Kyprianos Beach
57a0bd91498edffb1cfcd0ca,Motel,37.859291,24.785356,villa aliki
596b60746f706a53b1f77cbe,Hotel,37.859152,24.779257,Belvedere
4fe63e43e4b0af2e67660ecc,Seafood,37.85882501970605,24.785376724455453,Άμμος
5137a57ee4b0304437d9f7d9,Housing Development,37.864029182372285,24.778330607404854,Ξυλοκαρύδα
578b806e498e87701cb30cc2,Fish & Chips,37.86194,24.779406,Ψαροταβερνα  Ο Γιακουμής
4fa67703e4b0f9020827797f,Beach,37.85586480449587,24.77872152050164,Kolona beach
5022bd84e4b048003e9c97b6,Tavernas,37.858306884765625,24.785480499267578,"Ταβέρνα ""Αέρηδες"""
53f27e4f498e665a454718d2,B & B,37.859079255577505,24.784492429230635,Esperides Hotel
4e1834a7c65b6bfb590c11a3,Bakery,37.85875224256695,24.78547765155047,Bakery & Coffee (Άρτος & Καφές)
53e07769498e04277b70e7fb,Bakery,37.860633850097656,24.78456687927246,η γωνια
4e312a8f091a80d018a958c8,Hotel,37.85977307093154,24.783217012882233,Hotel Karanasos
4e49860c45dd81ecad81ff9f,Lounge,37.85926656406781,24.78326355133094,Deep Blue Cafe
4e3c8d31d4c058f9dbf9cb82,Opera House,37.85871989992416,24.785095273446018,Villa Scorpio_to Kloubi Me Tis Treles
537cd6ca498e3a877b7524fb,Soccer Field,37.86254038450461,24.788451474061628,Σαμαρίνειων Γήπεδο
5b2e5768f79faa002c8abb82,Greek,37.859188,24.78165,Taverna Scouna
51c7f847498e3f125283d6f4,Breakfast,37.859412,24.783763,Γωνιά
503118fce4b01882f9a25aef,Greek,37.859256,24.782667,Lagoudera
51594ae5e4b00bf3b7b2eef1,Boat / Ferry,37.85626675996423,24.784399683876355,Regina v
502e6afae4b06a779d9b256d,Hotel,37.86103999140847,24.784127244258798,Likio Studios
51f7e68f498ee62af763e484,B & B,37.856704,24.778192,Elpida
4fdf4881e4b08d627b3cd8f8,B & B,37.85984703409448,24.7800869983007,blue dolphin
4e3fac96b61cb577be93e560,Café,37.85930313947921,24.783726054277242,Asterix
4e3ecd0ea809ba757c1c0101,B & B,37.85908535097843,24.781271464471914,Kantouni
4e398b442271aebfead6481b,Resort,37.860455,24.782061,Villa Scorpio
50276ae0e4b081bd6d8cac5f,Vacation Rental,37.85855581945741,24.78457358139586,Almar
4e3e62591f6e844231f1ffa7,Hotel,37.85886439014834,24.785153293802217,Chryssi Akti Hotel
4e0f521045ddc2c6d180a42b,Hotel,37.85822743311065,24.779742290350733,Mare E Vista. Epaminondas
5001b3b7e4b0004dbe314945,Surf Spot,37.858304,24.785275,Ksaplwstra Araxtos
51c4abe7498e96049833e6e5,Resort,37.857995,24.780684,Anemoessa
4e9c66382da5e00a2e24da12,Trade School,37.86008,24.7849,ΕΥΡΩΓΝΩΣΗ
53f22aa0498e11e8f5c65824,Beach,37.85577312545791,24.79069989384027,Παραλία Μπατσιού
4f8c7636e4b0b1c4b298fc53,Fast Food,37.85694707059105,24.78644587265487,Αυρα
4fb7d09fe4b03150d5bd8535,Surf Spot,37.858150482177734,24.785602569580078,Prias Pidima Beach
53cb9568498e10c40b19c302,Pharmacy,37.856284,24.785871,Parapharmacy Kozaniti
53e0a831498ef67871781fc4,Residential,37.853309631347656,24.787479400634766,Villa Λιμανάκι
4e2b6016ae605c533a37bf19,Nightclub,37.85673948346079,24.786747293239642,Marabou Club Andros
55cb9e5d498e555c8c365e8e,Ice Cream,37.857405,24.785889,Happy Place
5375bddf498e51ce92b418a1,Women's Store,37.860987,24.789806,Ονειροπαγιδα
4e4181a36284809c9f401632,Pizza,37.857487,24.785673,Koala
4fdb868ce4b0032df68326ab,Restaurant,37.85627838651678,24.785587981904243,Kavouromagiremata
4e3edd9fa809ba757c1d1be1,Greek,37.85697918157896,24.786274724136305,Ο Μπελαλής
504ba4a5e4b03e711f4c652e,Pizza,37.85724639892578,24.786062240600586,mparmpa antwnhs
503e34fbe4b08a07269aebe2,Pizza,37.857086,24.786449,Μπάρμπα Αντώνης
5182c13a498e42a874f29781,Greek,37.857516,24.786017,Επαυλις
57238caf498efe72651565e0,Bar,37.8578723238925,24.78563040768383,αλς
522b740911d2b1afd71e72a7,Bar,37.85679318995409,24.78578506509704,Ηρώον
4e1f4175a809eb325ff7d785,Greek,37.858909606933594,24.785587310791016,Porkies Σουβλατζίδικο
50119beee4b0748a783445c4,Pizza,37.8568752535912,24.785727099463394,LITSA'S PIZZA SPAGGETERIE
4fbaa72ae4b0995f6acca8b5,Spiritual,37.85811150264962,24.786098079355952,Moni Zoodochou Pigi
52221dba11d2be1425f96071,Church,37.857616,24.786769,Άγιος Φίλιππος
4e42e70e18387113cad1337f,Gift Shop,37.856942,24.786432,Αιγαίο
572b65a6cd1000c7768d886a,Church,37.85788,24.78938,Agia Barbara Church
4e3ff9c88877b00cfc674bde,Italian,37.85699774630672,24.78636620964134,Litsa's Pizza
5774fed4498e51fe636585c6,Mediterranean,37.85844,24.785614,Mastenno
4e1cbf8852b1c2b69f3810f8,Greek,37.85621454,24.78584208,Μουραγιο-Κοτοπουλογευσεις
502598a5e4b030d4ec4887b3,Piers,37.857471,24.785721,Αγ. Παντελεημων
4fab78c0e4b04201282a347b,Vacation Rental,37.8581499171631,24.785861483104892,Villa Bella Vista
51d7ac5d498ec7482567a8a4,Office,37.86175939491359,24.788503646850586,Οικοθερμ - Α&Δ Γρηγόρας
4e1c7fc5ae605fbe0385273d,Boat / Ferry,37.856744,24.785753,Θεολόγος
54a3d821498e51ca1d644f5c,Arts & Crafts,37.85687666073402,24.786242993271706,Coiffure Angel
4de91114b0fbcb7c9ad34b6f,Fish Tavernas,37.858711,24.785658,Ταβέρνα Ακρογιάλι
5222708111d2924a28d6e909,Cocktail,37.857337,24.786224,ΜΙΚΡΟ Cocktail Bar
4e3d62f91838cb1b82ef2410,Food,37.85561431613356,24.786214010493264,Το Στεκι Του Λεωνιδα
59554f1eb37e2b1d8d14e006,Burgers,37.85713,24.786285,Boca Boca Burger & More
5353a4ad498ed4c1fd5dea97,Bakery,37.85812376117851,24.785785065097034,Volikas Bakery (Αρτοποιείο Βολίκας)
598b8f42a6fe4d3b69af9221,Cocktail,37.857449,24.785949,Buka
598d166c35811b566a82303a,Souvlaki,37.856724,24.78628,Baraki Kalamaki
538a6918498e7ba2b28c0017,Pizza,37.856894,24.786454,Rodia (Ροδιά)
4fadeb66e4b0815907b54a27,Cocktail,37.858219146728516,24.785703659057617,Gallery Bar
4e176c33d22d512258794f86,Harbor / Marina,37.8569685694291,24.785854623844973,Batsi Port (Λιμάνι Μπατσίου)
4db163fc0cb6442b2ec7c5da,Bar,37.857147741786996,24.78624860991309,Σκάλα Yacht Club
55cb597a498e2b4c5391ecd2,Residential,37.860045,24.788735,Hotel St. George
51c75778498efee49886d867,Bar,37.856429852849985,24.786288669988636,Danza
57256589498e81b0042c59ae,Nightclub,37.856737,24.786646,aqua club batsi
5233528711d26099946cc08e,Cocktail,37.858031,24.785652,Gallery
55ba40c9498e13ce1c49dea1,Vegetarian / Vegan,37.85691263752505,24.786016927537418,Green and Greener
53cac5b5498e7496ae271362,Ice Cream,37.85692038234219,24.785738692590876,Δωδώνη
59838e352a7ab676694c9af0,Cocktail,37.856633,24.786328,Μπούκα
57a63f3f498ebb220114e3ea,BBQ,37.858682,24.785637,Άμμος Barbeque
52224741498e94e9f3123cce,Grocery Store,37.856854,24.786506,Παντοπολειο Δημητρησμαστρονικολας
59254fa3345cbe779b0b4708,Jewelry,37.858044,24.78562,Batsi Gold
4fbd101de4b010be75c5b66c,Beach,37.85808419523488,24.785872013529843,Agia Marina Beach
4e2e7c2eb0fbdc2b64f75634,Breakfast,37.8562221,24.785689,Ηρώων Cafe
4e498b242271ac3f6bca0954,Bar,37.85644828233694,24.786329941592903,Cocomero Bar
592481b54c9be616747139ac,Residential,37.85799,24.785662,Villa Zoe
522a284711d2bc31c0cb176a,B & B,37.853321751933365,24.78720522017906,Villa Bonatsa
4e3ed2b352b1a04aff2a407e,B & B,37.85576045110614,24.786689327762353,Ydrousa hotel
50019072e4b093944c6d00c3,Hotel,37.854483,24.785736,Villa Paradise
4c6d7d626af58cfab89e8917,Tavernas,37.856276102873075,24.78584652047842,Stamatis (Σταμάτης)
52036716498eb1edeabd5006,Vacation Rental,37.85874781108704,24.7855821853381,Albatross Studios
5220b93a498e91707f3840e0,Hotel,37.85402840887376,24.786179231156027,Sunset Studios
4c40e5b8d7fad13a87ba06da,Bar,37.85644166274265,24.786134572458938,Capriccio
51461e3ce4b035236a5f0b84,Neighborhood,37.859031677246094,24.795133590698242,Κατάκοιλος
4e42e0db1f6ec2e19314b61b,Breakfast,37.85697146530764,24.786428482997973,Meltemi
5209ed6d11d2db2a3d7f01fa,Bakery,37.856345036925994,24.786080689682105,Τούντας
572aa443498e358117d95b98,Nightlife,37.856583,24.786314,aλs
572ba012498ed3883942ce3a,Greek,37.856228,24.78587,The Dolphins (Τα Δελφίνια)
4e7e28238b819546057ff35c,Greek,37.85683215225335,24.786588766626526,Αύρα Καρβουνοψησίματα
55bd22d6498e4001452e3543,Ice Cream,37.85681310934652,24.78652702437583,Ben & Jerry's
5370ce1b498e00e880513776,Ice Cream,37.856269627580275,24.785622761299116,Παγωτά δωδώνη
4e47c2fa14959d51c1746b8c,Travel,37.85632325755901,24.7859779734002,Νήσος Άνδρος
51e2d2d1498e3113e643de3a,Ice Cream,37.8580428497681,24.785652275654478,yo n ice
4e2b1d05b61cd01083716081,Tavernas,37.858726879185454,24.785597695146784,Giakoumis (Ταβέρνα Γιακουμής)
4fb299aae4b0abe396e85ea5,Grocery Store,37.858180241396575,24.785790861659876,Shop & Go
51ed8361498e821bdff1774c,Hotel,37.85870361328125,24.786205291748047,Meltemi studios & apartments
50285c7fe4b07a366cdcd7ce,Building,37.856549405059766,24.788967363928794,Amorani
55bfa32a498eec2d6e6304bb,Creperie,37.857454,24.785945,epavlis
4e04cb29aeb771d97881f58f,Hotel,37.85818001033475,24.786127062143812,Krinos Suites Hotel
4daf2c660cb65a8b0d29bd53,Hotel,37.86142308200803,24.78846306710055,Villa Koula
51cdcede498e2c23f2086de7,Café,37.85639467745078,24.78639370368165,θεμελος
578d2151498ea603908e7f5b,Vacation Rental,37.856346,24.786629,Adonis Guesthouse
4e31aee1b61c387349a37b64,Greek,37.856272982990795,24.785900100719008,"Ό,τι Καλό"
4e611ab9fa76cd64cda6b3d7,Greek,37.852263978197065,24.789054436806797,Ο Βιομήχανος
58f9d26ef62f2b14a751e168,Betting Shop,37.854683,24.786026,Οπαπ Cafe
51c54be8498ec876f8e6da44,Hotel,37.85957060486436,24.78638211057545,Maistrali Studios
50172cb5e4b096d00f00d8d4,Residential,37.85248022732189,24.789262985875705,Villa Stivari
578e1b4c498eb6c5f267d664,Breakfast,37.856495,24.78623,Παραδοσιακός Φούρνος
50021505e4b0444ec24f9090,Pool,37.855493,24.786855,Mpalkoni
5039e331e4b0bce91756aeaa,Rest Areas,37.854202931934644,24.785895199775002,Ηρώον
4c8751889c808cfa6d4b131e,Village,37.85654147424846,24.786701202392578,Batsi (Μπατσί)
5b30908dfe63bd002c03d2c4,Bistro,37.856229,24.789019,Bistot
4e4574d914959d51c1559ec6,B & B,37.856346,24.788661,Dora Studios
59a04e3750a6f053db061717,Bistro,37.854603,24.785671,Loukoubomb
4e7e229c6c257e42d69eac34,B & B,37.85375719500805,24.78639370368165,Anemos Studios
4e2c5231d22d3f83c8980269,B & B,37.856354,24.788522,Nefeli Domatia
538b8276498ef00115eb1355,Café,37.85459171895772,24.785692320078695,Senso Sesto
53c16626498e2ae1e9565554,B & B,37.854538,24.786592,Villa Fiamegou
530bd273498e7cf953368eef,Gas Station,37.85424073009904,24.789668741089862,EKO
53b9416c498ea5fc57336c9e,Pool,37.857093811035156,24.789287567138672,Villa Rena Andros
53faac01498eb0ce551fbd02,Vacation Rental,37.85634994506836,24.786771774291992,rooms αλικη
5aca4cd961e53b2c6aa7da05,Beach,37.85225,24.788671,Stivari Beach
4e627c14b0fb188e8db99ecf,Greek,37.856314485063706,24.785976922864204,The Dolphins (Τα Δελφίνια)
5acc94fe1987ec6d4cb3cab0,Lighthouse,37.853928,24.778326,Kolona
57854df7498e2922ff8c51a2,Café,37.856625,24.78591,105° E
556b3488498e2ce127a49976,Ouzeries,37.858162048010485,24.785727541100105,Μαστέλλο
53b04fda498e812851401201,Hotel,37.854526310905484,24.785760901348333,Paradise Design Apartments
4e173afeb61c3f2c48771fdc,Scenic Lookout,37.854040617206884,24.78619774938883,Marjo
4e36a51918a82fdd6582a635,Café,37.85755507183211,24.785652029196935,Βράχος
4fd998c5e4b0e967fcfe4d6b,Vacation Rental,37.856302669505055,24.788347136694355,Villa Dora
575b64dbcd10232b9d5ecabe,Beach,37.85317,24.78502,Μπατσι Ανδρος
5017cb48e4b085e0ab187878,Beach,37.852347839206104,24.788816654606595,Στιβάρι - Ανδρος
5b30a36dccad6b003918d358,Café,37.855965,24.78893,ευ ζειν
4e26dc0dd16486291ba406bb,Café,37.85662558467874,24.786721168959826,Nameless
575da6f1498e2d45e43cee6a,Greek,37.846077,24.791399,Αγία Μαρίνα Restaurant
53503e50498e0194edad5c2b,City,37.841589277098414,24.797012830550436,Palaiopolis
4e1715e6ae60de5d28f86627,Neighborhood,37.83938794663998,24.804623396187182,Aprovato (Απροβάτο)
4fa55d26e4b089a95a4737f5,Neighborhood,37.84150563134099,24.79760406083564,Koutsi
5024c8d1e4b06287634554fd,Neighborhood,37.84150205985348,24.797598264465066,Ano Palaiopoli
505f7f1ae4b004c15c9c12a2,Community College,37.84154003442062,24.797580875352775,Hell
52c41bcf498e56fc9feb7861,Castle,37.84245786247524,24.79760406083564,kato ap'ti koukounaria
4f25344ee4b03bdcfd9d9964,Lounge,37.84154360590649,24.79758667172364,San Andros Airport
53e54491498e80f80bca03bc,Vacation Rental,37.840879,24.797396,Hotel Galini
5036ab30e4b08d47be4930d4,Dog Run,37.841541,24.797588,Dog Walk Ypsili
50e61a21e4b03056b9b63e1e,Housing Development,37.85177561463195,24.804165491672098,Stivari Estate
502a6f1ee4b0c7dc80569d16,Vacation Rental,37.842407498725265,24.80107027350407,Althea
4e49956f52b11cf651a810a3,Greek,37.83940773,24.80460164,Μπελαλής Απροβάτου
504b7471e4b04421f2cc13a3,Greek,37.83796310424805,24.801979064941406,Porkies
53cd6a00498ecbbc035b34c9,Nightclub,37.85025025573638,24.800363122495074,mykonos
4e4a6db6d22d876aed192e80,Beach,37.84591165193784,24.791181624315183,Αγ. Μαρίνα
5b73e67b9e0d540039db0f35,Hotel,37.848667,24.797662,Sunset Villa
4fe6b77ee4b04d88c67145fa,Hotel,37.84796985642009,24.791341470351703,Aneroussa Beach Hotel
53935531498e2660780f7b2c,Village,37.85503971569927,24.793274145694763,Άνω Στιβάρη
4e18456f45dd120c120ca7fc,Hotel,37.84876083993974,24.791111196460392,Blue Bay Village
599454282955130365f582c9,Beach,37.83912,24.794533,Μικρός Κολπίσκος
4e25e058d4c0d18a28aab63d,Greek,37.83557042805395,24.812290912286652,Μπαλκόνι του Αιγαίου
4e19b4756284ea7247045906,Beach,37.84795495026576,24.790940963158782,Aneroussa Beach
57bc02da498ebd714ddfcb31,Beach,37.835833,24.798114,Koutsi Beach (Παραλία Κούτσι)
4e1e1eb5c65b5c693770f5ab,Hotel,37.8470702,24.7819709,3Α
521f70d2498e342d8e1dc959,Beach,37.845787048339844,24.784189224243164,Λιόπεσι
51f7b8b4498ea22aec523b7f,Harbor / Marina,37.82563637142768,24.805434871090927,Myriouni's Villa
5017ee7fe4b0046e448e975e,Beach,37.82554030149993,24.805429074848202,Pounta Beach
501830b4e4b0ef008141a45c,Farm,37.825555552644126,24.805411686119445,Corina's Villas
59872ca34aa3f8115899f0d9,Beach,37.82269,24.805256,Apothikes Beach
50228929e4b0f661ab40a81a,Moving Target,37.82262001033274,24.75150834819678,εν πλω
4e3ec2611838cb1b830236f8,Desserts,37.864516636150576,24.81290614913822,Ζαηρης
501aafb2e4b0b7a240896501,Pool,37.82551,24.805391,Late Swimming Pool
4f903538e4b07ffef0d10c92,Neighborhood,37.820479156531306,24.830479548982705,Παλαιόπολη village
514375cae4b0f578f63a9e01,Neighborhood,37.823153207525834,24.820632293222836,Αγία Ελεούσα
4e466183a809fb2fa3e9b592,Kafenia,37.820656,24.831533,Καφενείο Παλαιόπολης
4de28d1b45dd180ae5492842,Boat / Ferry,37.831068,24.814593,Nissos Myconos
575bc995498e3c110443b103,B & B,37.824811,24.82328,Αλισάχνη
50314b6ae4b078fb5a6a9424,Kafenia,37.820633,24.831913,Λιοτρίβι Καφενείο
5405a1e1498e6650fce1d5d0,Beach,37.81318283081055,24.824922561645508,Παραλία Παλαιόπολης
4e668ef27d8b084ac6f7eefd,Military Base,37.8449303557483,24.771067288826785,Σκοπούν
51fe81fe498e27c581b5a033,Hotel,37.82048143502724,24.830404203162168,Irene Studios
5310f44b498e902e9630954c,Village,37.81775382666322,24.833962826603802,Παλαιόπολη Άνδρος
521705dc11d21db81e80c338,Neighborhood,37.81084442138672,24.825626373291016,απροβατου
522988bc11d2911db0ec789a,Historic Site,37.81572517807365,24.8266600751514,Αρχαιολογικος Χωρος Παλαιοπολης
5569ecec498e6aad02798a15,Resort,37.82480656641051,24.82227255562426,Aegean Castle Suites
53bcf990498e9c6bc9359da0,Mountain,37.83729553222656,24.832155227661133,Κορυφή Κουβάρα
55fdde95498ed5a541ce4b27,Café,37.818117,24.834875,Το Περίπτερο
51d55847498e8230f75d3678,Beach,37.7937701084722,24.84609691069248,Παραλία Χαλκολιμνιώνας
4e3a97e852b1b09cb68419e0,Beach,37.78323057713165,24.851312576520346,Apothikes (Αποθήκες)
51d82060498e74fab781f138,Island,37.86908757255961,24.81436676846794,Κατακοιλος-Σαρδελοχωρι
4e2d542b14955dbf7aed1bbf,Flower Shop,37.80956,24.874415,Γεωπονικό Κέντρο Άνδρου
577baf78cd1076ab0a6d8f8a,Auto Workshop,37.79811,24.865303,Κουντούρης Γκρουπ
5208eb0c11d28afd454df673,Beach Bar,37.79377079785053,24.84610462000595,Copper Beach Bar
4e10bfc6c65b4a49f3072417,Greek,37.81239649923047,24.880485310649043,Στου Ζοζέφ
502c1977e4b00595566a0936,Greek,37.86846939628803,24.813137993878968,Ο Γρέγος
55cb6c12498e262226c97924,Village,37.810287,24.858595,Melida (Μελίδα)
57265cfc498e11c9836e303e,Tavernas,37.8124,24.87966,Ταβέρνα Ο Πλάτανος
4e4fd9a7e4cdc76dc9b668d7,Greek,37.86429593803975,24.82127564793576,Η Κρύα Βρύση
57276ceb498e8433b51cbba1,States & Municipalities,37.800477,24.845719,Αη Γιωργης Φαραλη
4f8801d4e4b0cec3a9db0eff,Scenic Lookout,37.80906762273841,24.872693843847163,Ano Pitrofos Village (Ανω Πιτροφός)
520135a0498e2b39e4a087f2,City,37.865774231738364,24.836654663085938,Remata (Ρέματα)
536a7511498e77b8f6914f8f,Farm,37.81182971081709,24.875695709183955,Πιτροφός
4d8cb2d3d4ec8cfa08354689,Playground,37.86839122676102,24.8140479830177,Katakoilos
536e5b33498eddbbc8780900,Farm,37.85709852368712,24.8514714239511,Άρνη
5184019c498e86645cba2286,Neighborhood,37.78145415549769,24.879850757925976,Ζαγανιάρι
51ece074498edfc9a80c8a8a,Government,37.81515853342407,24.897235358133152,Επιμελητήριο Κυκλάδων - Γραφείο Άνδρου
52431c7e11d2e8aa8b523c67,Beach,37.76537103289927,24.838031436619218,μεσοπέλαγα
53243961498e7db5d3f5466d,Ice Cream,37.81927764884783,24.903754357450154,Ζαχαροπλαστείο Φυριου Κουμανη Άνδρος
55f55692498e361370008eae,Cave,37.806971,24.897682,Cave Foros
4d3c195d557d6dcb657c3744,Church,37.80046939682433,24.9094330295366,Ιερά Μονή Παναχράντου
55a8c7d9498efb51758123bc,Health & Beauty,37.8184515629729,24.902079710738587,Beautytale
4e4babecd4c0ae552d849168,Greek,37.822658,24.896063,Karydies - Restaurant
5841b789de0cbc1db7e6cc16,Auto Workshop,37.812958,24.880745,"Συνεργείο Αυτοκινήτων ""Κουμαριανός"""
57a47432498e8803f257910f,Winery,37.778187,24.875158,Scheile Hut
51364feae4b055a5bec2b62f,Pizza,37.81905177147706,24.903539956768956,Το Χατσαπούρι
5454b11b498e4fb5ed1dd3c6,Castle,37.772339,24.865686,Ancient Zagora
50215388e4b0c8a12bce773b,Neighborhood,37.81059326191127,24.88278302175957,Βακόνι
5353bf31498e25b22efb3dd6,Greek,37.822759,24.895913,Δροσιά
4e1ad12e18a8166f73a2da05,Lake,37.845256144885305,24.90287357542049,Pythara
512baeefe4b020f72a07d9fe,City,37.82183232899112,24.895833032827536,menites
5142dc0be4b0b071e7e0caf3,Hotel,37.816918304766055,24.89551432173552,Aiolos Hotel - Menites
501070e7e4b03a1c28474a6e,Bar,37.81214,24.883389,Απορθητο Art Bar
53d3ee99498e45540f5e3eb0,Bar,37.799781801811946,24.908766659610006,Πανόραμα καφέ
503557a4e4b00b29d38f7cbe,Neighborhood,37.81568665649543,24.895288326419095,Μαινητες
536a6692498e6d8fb16f8fa4,Preserve,37.80488582506521,24.903962963390114,Φάλικα
4c45a6f1f799e21e4575afa2,Other Outdoors,37.822690157530744,24.896029148643052,Menites Spring
536ceef9498e49e8bf9476fc,Field,37.805171,24.901596,Κουρέλι
4e43ef05a809d4ed1bb58d0c,Beach,37.76627133579269,24.886706189668608,Πλακα
4e2330f83151306f8928ffc0,Resort,37.81267239774589,24.895108689010677,Αλαδινου Ανδρος
4fd339b7e4b002c9e7df132c,Surf Spot,37.793275916964845,24.895097099497242,Χαλκολιμιώνας Beach
4e11832be4cdef074b7441d8,Resort,37.81556980368344,24.895149252304627,Αρμονία resort
53498e47498e2019684c45dd,Farm,37.81758117675781,24.893497467041016,Μελισσοκομείο Μαινητων
4d1c7ffb6cf9721e25362667,Vacation Rental,37.81642908929269,24.89600658416748,Mainades Maisonettes & Studios
57e23edf498e3aeccd441757,Construction,37.745706,24.90027,"Το γιαπί, το πηλοφόρι, το μυστρί"
598c6ceebcbf7a39a4e5d14d,Monastery,37.829844,24.919842,Monasterium
593bca856bdee61f1569ab68,Supermarket,37.831146,24.92064,Μασούτης
531c1d0e498efcbaf16b5cc8,Gun Range,37.782845693669955,24.8575624254206,4ος Λόχος Τάγματος Εθνοφυλακής-Πεδίο βολών
5472f018498e180cb6dc6029,Office,37.76829829120449,24.904513450679904,ΔΕΗ Μεσσαρια Ανδρου
518a1264498ef7ed5d3e300f,Cupcakes,37.81972836002671,24.904930661512697,Galanos Pastries
5728933c498ec595beefbc97,Bus Station,37.76058,24.921673,Στάση Δοραφώνας
503b525fe4b0bbba988ac720,Cemetery,37.8009207453931,24.9114887137198,"Τάφος ""Παπουλάκου"""
52d6606b498e5ec7924e39d5,Automotive,37.797888581595615,24.865542577542616,kountouris group
51867a41498ef45e66a2e9ab,Trail,37.780942760288134,24.816221514477448,Zagora
4fd1b2c6e4b0a1f870b504d9,Food & Drink,37.819537,24.927611,Kritis NOYNOY
4f981b876b74621617311843,Art Gallery,37.83750143172802,24.93814944432479,Art Studio 49
54dd1c3f498ec09a2db41862,BBQ,37.81454086303711,24.878633499145508,"""Stamatis """
503f843ee4b04fe2f1f07208,Non-Profit,37.80039,24.909392,Panachrantou M
4efc656df9ab0847f9f4dd66,Field,37.80141067504883,24.872812271118164,ελαιωνας
51609187498e357fe0fe2078,Bar,37.815442,24.89278,Απόρθητο
50145ba6e4b0260c4216e79d,Bar,37.812068,24.883295,Απόρθητο
51a65b20498e284d13b9f3bb,Residential,37.82767,24.918232,"Ξενώνας ""Λάσκαρη"""
5039314fe4b08256fb271778,Bar,37.8298726966831,24.918663568549217,Aporthito
50c8c46ae4b05a6e4cce161e,Housing Development,37.812705993652344,24.895042419433594,Marily+Takis
50d0c722e4b01a24e06eaaee,Housing Development,37.82721710205078,24.91853141784668,Giorgos+Talim
502b6f9be4b0709a2897672c,Desserts,37.82580629489216,24.914630670574763,"Εργαστήριο Ζαχαροπλαστικής ""Λ. Ζαΐρης"""
514d71e2e4b04b4109dfe463,Bakery,37.82020795986612,24.905330488085895,Γ.Γαρύφαλλος
520d3bae11d2d6365f62ca52,Greek,37.834569,24.905453,Τερψιχορη Περτεσης
501cd54be4b0f36f03c0c244,Beer Bar,37.834678262626774,24.909433029536597,Strapouries
4e897bf4b8035f94a0d9d08a,Food & Drink,37.83155640945775,24.920870661735535,Πρώιος Mega Market
4f619f23e4b073ddca3916d0,Storage,37.83122526864521,24.92448105609819,Goneos main warehouse
562ba8d2498e640cb2bdb6c0,Building,37.822084,24.909258,"Άγιος Νικόλαος, Μεσσαριά"
534f3248498ed1a7e61b91d7,Village,37.82045646989947,24.906130139837686,Κουμανή Άνδρος
50215bd1e4b06cf841d74ad5,Entertainment,37.81976944123331,24.90396875799775,Π.Ε.Φ.Ο. Άνδρου
50d9bcf0e4b014708df56c03,Neighborhood,37.823543,24.916013,"Βρακούλι, Μεσσαριά"
5023e06ae4b02f139f7bf5d9,Theme Park,37.819801330566406,24.904949188232422,Groundzero Paintball Park
5026ca77e4b04e431be869cb,Neighborhood,37.76620101928711,24.920162200927734,Mουστακειο
4f89c13fe4b00a6262311784,Neighborhood,37.830269551438356,24.91209849631226,Λάμυρα
52123d5f11d2ef27645e0cb7,Bakery,37.826545,24.915445,Mesaria
52e533b6498efb00d9859ecc,Bakery,37.768967807922685,24.90927078306483,Mpakelas
4f895cf8e4b0c71a71a4ed89,Greek,37.82394817710209,24.927470881721206,Taverna Livadia
5366002d498e241e28409c9d,RV Park,37.78395,24.926778,Γιαννισαίο
50204fcde4b04375e4eed7f5,Travel,37.82132610555044,24.907955424911336,Μεσσαριά
53d38eb9498e89353ee973ac,Other Outdoors,37.796627044677734,24.921648025512695,Πηγή Πετρένια
5212653911d272e35360d875,Athletics & Sports,37.8192138671875,24.904239654541016,ΠΕΦΟ
52f1983a498e2535e8e8c701,Other Outdoors,37.794931,24.919284,Vouni
5056001de4b01eeee6660712,Other Outdoors,37.791026,24.916544,Mesa Vouni
500c1a0ae4b0b8de35461be7,Farm,37.78348540736567,24.901042468724043,Κτήμα α.β.Γ.ο
4e43ee781f6e0a1ba5d6bb6d,Beach,37.766083,24.886679,μια αδεια παραλια
50112dd4e4b0c3490cf468a9,Café,37.818721623053975,24.89598949089221,Ενα Ποτιρακι
520d01c411d2ba08942c4d7c,Café,37.81899642944336,24.903865814208984,Πανόραμα cafe
5381898b498eaf0c79059c83,Rock Climbing,37.762039,24.921778,Άγιος Γεώργιος
506466dbe4b0675ed64594ce,Other Outdoors,37.831231640930135,24.924822917328893,Pelekania
5055ffaee4b0e7ceb7686696,Other Outdoors,37.79405803567713,24.915337590028688,Mesa Vouni
53806c10498ea6ffdcfbab2c,Village,37.75965635773292,24.922429881537365,Καππαριά
541f1879498edf1964edac49,Neighborhood,37.76543868541598,24.925645700584337,Ιερος Ναος Αγ. Μονης Αλαμανια
57417fc4cd107908f423045c,Field,37.763086,24.92336,Παλιό Λιοτρίβι
4e57ed35d4c0fccb89b0c93e,Hotel,37.82756737308825,24.916623947918545,9 Muses
57a2fd4acd10e9b08493305e,B & B,37.830536,24.917467,Κτημα Λεμονιες
51eafa24498e127eebd98b9c,Outdoor Event Space,37.82337168267811,24.91567366597924,Κτήμα Υδρούσα
4dd16f9cd4c065592fc63626,Gym,37.83147897183718,24.924464680400515,Gym Tonic
50e58ff9e4b08efe159d44a8,Other Outdoors,37.775684,24.925488,Episkopeio
53b23743498e0bd7ae549a16,Dog Run,37.8249089298907,24.912562053638784,Βουνί
536107a0498e876a14d52bf8,River,37.76148559382463,24.925060481711633,Ποταμός
537cf434498e6cfcacbe1664,Other Outdoors,37.7522988580855,24.92202428059143,Αϊπάτια
52f9017e498eb0c12a5f9618,Soccer Field,37.76373894364797,24.924005926362472,Alamania Stadium
534e9b76498e54eb9498f289,States & Municipalities,37.77315752122786,24.950363038039487,Άγιος Νικόλαος
50061473e4b03a4590432081,Other Outdoors,37.77557301030037,24.9448222842007,Rogo (Ρωγό)
55d9ae58498e09d2c7d6b717,Nudist Beach,37.77583213135868,24.945536751040933,Καλαμοναρι
53b509e0498ea7ec7d3a7690,Government,37.77146,24.945652,Υποθηκοφυλακειο Κορθίου Νδρος
537783ac498e797711dbab9f,Salon / Barbershop,37.774347,24.945662,Κομμωτήριο Γιάννα -Ρία
50b0f4f4e4b00627543c8ef7,Accessories,37.773277,24.951059,Manti's Style
521b12a5498e9a3df3e66fce,Hardware,37.77137,24.948575,Υλικά Οικοδομών Λ.Χρυσοστράτης
53df03e9498eda7a37eb6e60,Bank,37.77424040650469,24.950727768487294,"Εθνική Τράπεζα, Γραφείο Συναλλαγών Όρμου Κορθίου"
4cddba70825e721e41d26545,Greek,37.77308658938612,24.951219811520872,Λιθοδομή
4c45c07336d6a59346456ca8,Modern Greek Restaurants,37.773197694621125,24.950871492424596,Sea Satin Nino
4d9636a2b188721e3d91f136,Pizza,37.77298212796645,24.951126699134395,La Famiglia
53935e38498ecd20b19eff89,Café,37.77423246034305,24.95115899983036,Krinos -  Sweet and Cafe Shop
51fac8d0498edce39a21a889,Beer Bar,37.77583420814328,24.951454744214555,Allegria Tapas Bar
5b69c6db8c35dc002c4a48ff,Notary,37.773773,24.950855,Συμβολαιογραφείο Κορθίου
5b60bb9f6bdee600397567ca,Meze Restaurants,37.774437,24.95128,Το Πενάκι του Γυαλού
4f65e0cae4b098b3968de877,Village,37.77358817571607,24.950861306258453,Όρμος Κορθίου
55e422f7498e7d8136b37314,Doctor's Office,37.774055512842075,24.950635347505653,Περιφερειακό Ιατρείο Όρμου Κορθίου
53b5ad59498e041871edee76,Desserts,37.772394890653146,24.950959801052317,Tziotis Patisserie (Ζαχαροπλαστείο Τζιώτης)
5378cf5a498e959ee5183d4d,Candy Store,37.77333459948557,24.950809161944242,Αργελι
52e9a175498e7ad0616844ba,Market,37.771749718642056,24.94973730482105,Goneos Market
5371f8a8498e29aeb9ccd4cd,Photography Lab,37.77319709561568,24.95102932677194,studio Antonellos
520bbe1e11d21c87d8fb3ab1,Castle,37.7751579284668,24.948074340820312,κάστρο κοχύλου
5380fdb0498eaced54c44c9b,Island,37.780499,24.934769,λαρδιά
55c3ac53498e4eaea3c5a984,Kafenia,37.77293709093208,24.950930831998267,Χρύσα Παραδοσιακό Καφενείο
53cfb595498eeedf49beb79e,Nail Salon,37.77170941764113,24.950003820962568,Niki's Nails
4e3b0a6b7d8b0e961049be3d,Candy Store,37.7741322305261,24.95126687287314,Μελι Κανελα
557188de498e7e23cf04dda4,Office,37.77327029497211,24.950959801052317,ΚΕΠ Κορθιου
55ce40e7498efe26313a46d1,Castle,37.798874,24.947699,Της Ωριάς Το Κάστρο
50d9c893e4b0cc0bdfbaff8f,Neighborhood,37.74456112683052,24.9221575495267,Γλυνάδο
4e22376688774a43b772b6b8,Bakery,37.77486798070619,24.95088475739299,Μουστάκας
53d5802c498e572d7638064a,Hotel,37.7718620300293,24.95120620727539,Suite Augustis
59bb83fb5d891b29548988d3,School,37.766434,24.95007,Νηπιαγωγειο Ορμος
53696857498e78cd9dd4c968,Supermarket,37.772034,24.950503,"Super Market ""ΒΟΥΡΑΖΕΡΗΣ"""
55c6c82a498ebb44922c052c,Bakery,37.77393629120976,24.950814955757327,Το φουρναρακι
4b8cdbc4f964a52019df32e3,Café,37.77220460027624,24.951298113973312,Centro
5978f762e1f2281445f9e44f,Greek,37.773506,24.951126,Το Ταβερνάκι Του Γιακουμή
57eff610498e1dd0892fc3b4,Desserts,37.772438,24.951218,Τζιώτης
4d9651c19079b1f77715f709,Bar,37.77266554759153,24.951307429507942,En Plo
5532b66a498e4b7428d5c51c,Souvlaki,37.772766507243816,24.95134219233391,"Ανατολη ""ψητοπωλειο"""
502c06fae4b0f6301451b03a,BBQ,37.77324981704238,24.951214728621277,Ψητοπωλειο Αντωνης
58b16b79b6e67d7010fab146,Village,37.772067,24.951195,ormos korthiou
4e4409ec483b132669d109c0,Greek,37.772057779507236,24.95096559486283,Η Γωνια
502ea2cee4b0260c917c302b,Greek,37.77328379651196,24.95100035772383,"Ψητοπωλείο ""Ο Αντώνης"""
4e05b2a01838eb15aef5b482,Greek,37.7741,24.951149,Ναυτιλος Ουζερι
53e9bce1498e4d30f3294aa2,Village,37.77258185082393,24.9512958418985,Κόρθιο
53ceaac5498eae88f39f3e1c,Beach,37.77092837918134,24.9465159192559,καντουνι όρμος κορθιου
4df38bb7d22d8c5470de19ac,Tavernas,37.77255901605477,24.951255285262313,Ταβέρνα Καλογρίδης
4da026aeb787a1cd38607a10,Hotel,37.771259018717636,24.951035193916358,Villa Korthi
501154eae4b07ac9f091837d,Neighborhood,37.77562253419147,24.944870451529727,Korthi (Κορθί)
52e9a016498e42b0ba0e9b90,Other Outdoors,37.77007058746778,24.942251592099744,Xwnes
4df3a83014954f21cf2f03da,Café,37.774492385699425,24.951179965782245,Μέλι & Κανέλα
50e59068e4b06c5096c0b9ed,Other Outdoors,37.77593700589119,24.929626321171988,Episkopeio
502ea1eee4b0bf3e69a672a8,Other Outdoors,37.775620586106236,24.944854739207887,Βασιλοσπιτο!
5205415c498ea3ff6713e133,Vacation Rental,37.774147033691406,24.94723129272461,Τα δωμάτια της Έφης
557b027f498efae7114b8642,Quad,37.772231,24.950858,Δημοτικό Σχολείο Όρμου Κορθίου
546298b4498e9df08d6c8973,Gas Station,37.76774978637695,24.95083999633789,Eko Ormos Korthiou
4c30f852213c2d7f2449335d,Creperie,37.773992432380034,24.951138547882078,"Spot Creperie, Korthion Bay, Andros Gr"
4e39211ed22dea80c52cd5f4,Grocery Store,37.77561645358687,24.944882039358482,Goneos Super Market
59cf93ff5315937fce24280e,Hotel,37.771828,24.9514,Hotel Korthion
5028b6f0e4b098a5625935ce,Neighborhood,37.74761084689593,24.92077270892779,Πίσω Μεριά
561bcff0498e16b9da8e3d0f,Travel,37.79866027832031,24.928136825561523,Έξω Βουνί
4e46bfdeb0fb93df270dc459,Movie Theater,37.77223032784669,24.950646935137662,Θερινός Κινηματογράφος
4f9190b1e4b04c93d5be9e0f,Grocery Store,37.77216285254018,24.950809161944242,Η Κάβα Του Γιαλού
502d4608e4b0b025937b2056,Other Outdoors,37.79085177552249,24.947674694561705,Κοχυλου
517bdcd8e4b0d88f1329cf0e,Yogurt,37.77209066141566,24.951272666678413,Yogart
52093e1f11d2031f1a8d3850,Park,37.77275038413765,24.951023532962516,Plateia Korthiou
501ef203e4b0876f2bf9b35f,Beach,37.772234144873444,24.951324810921374,Κολωνάκι
5026f940e4b0a90de27dd909,Event Space,37.74805288065889,24.92624830114877,Μουστακειο
4e490f3f183849317e98b93d,Other Outdoors,37.77561052984851,24.94484587973501,"Kapparia, Andros"
57cefbcd498e0875f6e8c82a,Trail,37.79854,24.938309,Διποτάματα
5020fb29e4b0831e1774f78b,Park,37.77566407009391,24.944874230161737,Αγορά Κορθίου
53d29b7d498ea84ed38fcf4a,Other Outdoors,37.77275466918945,24.945404052734375,μέσα ρωγό
52e99eaa498e43af2c9ebd0d,Mountain,37.784087888570895,24.932227895286115,Lardia
5354e0eb498e263e060afd75,Mountain,37.770353,24.928526,Στο βουνό!
5011548ee4b0e259d1e47524,Mountain,37.775581203503826,24.9448013702197,Vraxnou
521bd0f511d23036424b7c9e,Park,37.773787,24.95077,Pagkaki (agora)
57273b19498ee1e643a279a3,Monastery,37.733913,24.911556,Μοναστήρι Παναγίας Τρομαρχιανής
4eebb91f61af0a76cf530b82,Café,37.7454,24.9213,Join Cafe
50dc2116e4b08972218983fb,Cosmetics,37.773876,24.950803,Μερόλια
5394382b498e7b5d5b93b9aa,BBQ,37.765253817843096,24.935177094506916,Laka
53c4f8b0498ef3bc6b4f7439,Auto Garage,37.76337,24.948135,"Συνεργείο Αυτοκινήτων ""Στέφανος"""
53d96d1e498e20e413ed9eeb,Housing Development,37.747704,24.928967,Κεραμιό Ανδρος
530bd0fc498ee06c8d6801ae,Greek,37.756239,24.932197,Plakouri
4fc9dc47e4b0adb1987c15da,B & B,37.77305567661536,24.948242493018057,Arianna studios
535f9e16498e3ffc3e857dc9,Island,37.755672,24.940721,Agia Triada
579b5116498eb840227610a9,Flower Shop,37.76078,24.945581,Φυτωριο
533c25ee498e0b25ebd79235,Basketball,37.76438467624297,24.948740764340915,Γυμνάσιο Τ.Λ Κορθίου
4f65bba6e4b014afec50c656,Neighborhood,37.7557867458171,24.94361896369942,Αηδόνια
54eb2eae498ef1f7fa45d0f3,Greek,37.757903,24.940711,Λακα
501ea436e4b0373b14d3b234,Greek,37.75837324599599,24.940855245089402,Λακκα
5366630f498e2b4b280f6195,Preserve,37.755699,24.940848,Μοσκιώνας
53c7f361498e8b06ac5950e5,Gym / Fitness,37.759316,24.943052,Δάφνη
50ed4d05e4b03c7434283ef7,Other Outdoors,37.784521,24.928104,Gianisseo
51c842c3498e562c3b6b3c8c,Moving Target,37.7610409025117,24.931474657604834,Steno Tinos
5202648a498e3949b605272a,City,37.751251220703125,24.931983947753906,Μουσιώνας
57ab7335498e0709cd934047,Village,37.749104,24.93024,Amonakleios
53dff50f498e73a54d17982e,Neighborhood,37.7519892638317,24.93684578531682,Γαλαγγάς
53035d9c498e44e10961d47a,Other Outdoors,37.758084,24.945733,Aidonia
5373ae09498e8f4c2fe78fea,Other Outdoors,37.766355762665185,24.931909218008535,Αγία Μαρίνα
503c760ae4b09fbdb4086103,Pool,37.761983498465405,24.949528726825154,Nicolas
55a3f4e3498e529c4c26ba0e,States & Municipalities,37.73816586332327,24.946938872700706,Ιερα Μονη Ζωοδοχου Πηγης Φλετρων
55bd11cb498eb4327aac4e07,Plaza,37.754662,24.947518,Χορός Αηδονίων
4df60381d4c01ff6b2f45a9f,Beach,37.78268728313497,24.95778484118926,Grias Pidima (Της Γριάς το Πήδημα)
4d9657d9a2c65481a4a5bd53,Nightclub,37.767197,24.952731,Best Club
59b5632f58002c759b5d88df,Church,37.768132,24.962137,Άγιος Φανούριος
53a0302a498e2365d32285ea,Greek,37.778835,24.955393,vintzi
4e3dc006c65b4ec275e77905,Bar,37.777634776247005,24.953737332321804,Mylos
576d77bc498e96ab7dfe6f04,Beach Bar,37.76911888403984,24.95315487562596,MYLOS Beach Bar
4df35ddf62e1288ed3039114,Beach,37.77902397524718,24.957206840714104,Ag. Aikaterini Beach (Παραλία Αγ. Αικατερίνης)
4db544b9a86e8d2707935d6d,Greek,37.77886273757525,24.955483897808506,Vintsi
517d0a98e4b076bc4bee5ad3,Beach,37.76898070564075,24.95269214598638,mylous
5365feb311d219d9b8d341b6,Bridge,37.77390075477031,24.95281381536486,Επισκοπίο
51a1efca498e3a83e7f9523a,Surf Spot,37.77071675320588,24.951849237581573,Ναυτικός Όμιλος Κορθίου Άνδρου (ΝΟΚΑ)
5038d92ce4b06ff8774824b2,Surf Spot,37.777810515985834,24.95427963825429,"""Βραχακι"""
4e2aebb652b1b8f1985b4d9e,Surf Spot,37.77090278579429,24.9518578405007,Μύλος
53480448498e945f75c886e4,Rock Climbing,37.778943,24.958909,Σημαία Κορθίου
53d9fe2e498e05ec15fcb1db,Surf Spot,37.76915516881859,24.953213585872426,Mylos Beach
521b866c11d24a68b13e0f61,Other Outdoors,37.76795,24.962416,Agios Fanourios Korthi
504ba724e4b00c01087251e2,Other Outdoors,37.70988595803766,24.949540314494957,Αγια Μόνη Στενό Ανδρου
4e4a6298fa76a0c058ceea6d,Beach,37.69206022346226,24.900503565214933,"Steno, Andros"
5100d5a7e4b0b335c0c90d50,Boat / Ferry,37.68585745706999,24.918872165429246,Δύσβατο(Στενό Άνδρου Τήνου)
518673d4498ef8b3eaba82ab,Trail,37.71342414340874,24.95252437179522,Zagora Andros
55d36e5a498eb8dd4df53e2a,Beach,37.7426581555711,24.984226224693227,Κρεμμύδες
53ceea96498e310af8e710e6,Nightclub,37.668581,24.95208,rodos
4f8192a1e4b09a1477d42a2f,Beach,37.667527029268946,24.955861329359003,"kionia,Tinos"
4e6bb58bb993d5439fe43589,Plaza,37.83670699054801,24.936738778535414,Πλατεία Γηροκομείου (Πάνω Πλατεία)
4e15ae828877cd57120fcfa4,Outdoors & Recreation,37.63149110721404,24.9459365301205,Ανοιχτά Σύρου και Άνδρου
4c7247d39e706dcb4e5a4a62,Boat / Ferry,37.64557916009645,24.963868165067865,AeganSpeedlines Mykonos-Athens
520b636d11d2313d67625cd3,Beach,37.784081,24.958863,Mesopelaga
55b8e7ed498e9eb47edf20e2,Beach,37.78777792341777,24.96164921293983,Μπορος
520caf6b11d2edbf58773d72,Beach,37.672292,25.001737,Κουμελάς
577ec57b498e5e97db3155b7,Bar,37.636665,25.040693,Aberi Purgos
5933f9bd4b78c519c0c1ecbb,Art Museum,37.639669,25.040869,Museum Of Tinian Artists
4c74f40aff1fb60c5dc1f4a7,Neighborhood,37.639141677667055,25.04184660841194,Πύργος
502e5ef0e4b01882f84613ed,History Museum,37.639730948393144,25.040891683177268,Μουσείο Γιαννούλη Χαλεπά (Το σπίτι του Χαλεπά)
55c61f16498e1717d72d0d0d,Arts & Crafts,37.638694763183594,25.04137420654297,Μπλε Σεντούκι
4e52989bb0fbfe59e9d8e385,Electronics,37.640884,25.039499,Ηλεκτρολογος
5026f585e4b0d914656389ae,Other Outdoors,37.63913039871593,25.04205143384062,Πλάτανος
4e184019c65b6bfb590c70f0,Snacks,37.63916464043566,25.04209009326319,Αλεξάνδρα
4e52987552b1fa492db8c632,Shops,37.641026,25.03955,Ασπιδα
55d4f0ef498ea18f86a92245,Souvlaki,37.63926858065329,25.04164388003951,Γυροbank
520e29d111d2d7b6517cef6f,B & B,37.64083692003633,25.041661256762026,Μ. Καραγιώργη Rooms
4e47acbd62845e1d3ca23a0e,Coffee Shop,37.639150287413116,25.042003839583277,To Neo Steki
4f8ae8d3e4b029818b8f67ca,Café,37.63914397990997,25.04201809911661,Το Κεντρικόν
59772048f2905e2602557aa4,Education,37.639382,25.042494,Σχολή Καλών Τεχνών
502ff72be4b021f7a54b7e07,Church,37.638597858333036,25.041892946308167,Agios Nikolaos
4e52969c1f6e68a6b3f1b263,Candy Store,37.639288616491285,25.040346415509756,Το Σπιτι Του Μελιου
4e5294abd4c075ade75ce387,Entertainment,37.63896727045409,25.041736555882345,Παντοπωλειο
502fd003e4b01a4fc1b49f72,Beer Bar,37.638651357934414,25.04173841376475,Μαυρο μπαλκονι
5793fd46498eed185115e7fc,Lounge,37.639236,25.042,Αμπέρι
590658993d47912d4b334e43,Bar,37.639038,25.042142,Boheme
53625bf7498efc683b637e41,City,37.63951543517109,25.040410130404737,Panormos (Πάνορμος)
53773dbb498e4456c1822c20,Assisted Living,37.653362280576786,25.020003360272774,Μαρλάς
4fe5e1e5e4b093a5e066777c,Museum,37.640782371286825,25.043843355546432,Museum of Marble Crafts (Μουσείο Μαρμαροτεχνίας Τήνου)
53bf026a498ea426b89d2044,Café,37.6391248716246,25.042096825105805,Ο Μεγάλος Καφενές
4e1192581495c8d31bc7a92d,Seafood,37.629666924286774,24.997266553559005,ΑΓΟΝΗ ΓΡΑΜΜΗ
5b14e8311c062d00248d614c,Cemetery,37.639797,25.042969,Νεκροταφείο Πιργους
4e25d4e6483bbcc48dc8f58c,Pool,37.647346594798876,25.038446547542513,Lounge Bar Glafki
4e4eaf56d164978659bf5c5b,Greek,37.63918328447895,25.041997206550906,Μυρώνια
502e2d8be4b09116a09e5f59,Neighborhood,37.63744448591935,25.043868093089085,Βεναρδάτος
571ce1f3498e85418dba70ad,Pizza,37.640148272258614,25.04054063005087,Dough & Shaker
502a8bdce4b0b811eb073604,Tavernas,37.63947605579706,25.040682366635803,Ταβέρνα της Ειρήνης (Bar)
518a8c26498ebf8ced2daf5d,Elementary School,37.64139960976793,25.039118453315655,Δημοτικόν Σχολείον Πύργου Τήνου
53b841dd498e31f84cfa31d5,Village,37.65072230941856,25.01156340687231,Μαμάδο
4e4a85632271ac3f6bd5563f,Beach,37.66571,25.000486,Malli Beach
51e9dbd7498e8a37f16bb1b9,Mountain,37.65691285543025,25.02926562937963,Προφητη Ηλια
552d8200498ec447a45ce2eb,Café,37.63913415885553,25.04198768815248,Σούσουρο
571be62438faaa76e62aed21,Cocktail,37.63911871664899,25.04207738923923,Πλάτανος Bar
570c0442498e249c9e1bf56e,Village,37.65841,25.013302,Μαρλάς
4e5b7df7c65bcd7cbe4e3ed6,Boat / Ferry,37.617503757055495,24.950200811019585,Πηνελόπη Α.
55e59175498eb2e79c67fa84,Beach,37.666053771972656,25.000417709350586,Μαλλί
5b6c107cbfc6d0002c7ed11d,Café,37.63961,25.04118,Δίπορτο
5b7947a2acb00b002c9bd961,Resort,37.64739,25.039106,Glafki Studios And Suites
4e402a81fa76455375dabed1,Café,37.63965920909779,25.041139954688994,Ροδαριά
502a5db9e4b06908c88e5092,Beach,37.63837068144176,25.042008791020287,kavalourko
5aca0da008815810bfe32cf8,Trail,37.6568,25.036293,"Άι Γιάννης ""Σκαμνίδια"""
4c7384d54bc4236a011ece7a,Café,37.63909608925243,25.042155604055385,Meli Gala Cafe
52666b02498eb1328af39ae4,Boat / Ferry,37.609622222022395,25.00460042917511,Golden Star Ferries
55cf1111498e1d08743801f3,Nudist Beach,37.614734,25.043638,abada beach
501e36a3e4b0d9ad7aeab0ec,Rest Areas,37.615320433265026,25.04301084608408,Megalo Geni
4e209f5dd4c0d32590e685ad,Greek,37.615220408196265,25.042937732445374,Θαλασσάκι
5b51b5973d479100391ca13e,Beach Bar,37.659797,25.056875,Saint Sea
5028fb94e4b0352efa27cd85,Beach,37.61342672425703,25.044243816713365,Sxoinaki Beach
4e4e54a262e14b77e38b75c2,Food,37.61528939024961,25.04281758824169,Μαγαζι
4e4ba30a22713bd908c03925,Beach,37.65997640312694,25.05711467559609,Αγια Θαλασσα
53d52c79498ebed2ce4be70d,Elementary School,37.608821868896484,25.046382904052734,Δημοτικό σχολείο Υστερνίων
4e482479aeb70e74f4ab5caf,Greek,37.615266,25.042688,Ναυτίλος
53712545498e2f714a690f24,Village,37.615501327860166,25.04170759468425,Ormos Ysternia
4e46140d45dd2955e59355b4,Boat / Ferry,37.589093180137255,25.03771092500081,Somewhere In The Opens
53f061cb498e99b7ecabb266,Grilled Meat Restaurants,37.615909,25.043379,Η Αυλή της Μαριλένας
53f21548498ebdd210fa33b2,Beach,37.625997,25.019186,Όρμος Βαθύ
4e6b5c63d4c01ce017f75c1e,Greek,37.61528937153483,25.04285445618768,Naytilos
50388cd1e4b0f46ba128f04a,Beach,37.61446937918851,25.043420791625977,Όρμος Υστερνίων
55ce325b498e80ec8fe64b4d,Beach,37.61545968562716,25.041719179163795,abada beach
4ff6d53ae4b058e164e7f952,Beach,37.65963762384191,25.05092291964871,Planitis
4e0a214c45ddb2875c5d23d9,Tavernas,37.65173156114475,25.052102080048908,To Limanaki (Το Λιμανάκι)
4e0a2178d22d658532b8587b,Harbor / Marina,37.65215386997499,25.052104501451772,Port de Panormos (Port of Panormos)
502ff6cae4b0b02594b611b6,Church,37.63910638644487,25.04694373800309,Agios Dimitrios
4e482c12d4c065cb6bb6b23c,Beach Bar,37.64750120542286,25.058825468815417,Rochari Beach Bar
4fd37217e4b05a4aba5dcca1,Greek,37.65220192469985,25.05240057103605,Μαρίνα
4f8816c8e4b039b143d154d3,Bar,37.65203,25.05095,Kalma (cafe-bar)
571ce351498eec367cf3b149,BBQ,37.65190883437333,25.052063957048368,Περι Ανεμων
4e0f67118877936cb40f4967,Greek,37.651758,25.051721,Agoni Grami
4e5a8dfe1495a891128dc3c1,Greek,37.652003,25.050916,Ψαροταβερνα
4e0e3396c65ba20da21e1d6d,Bar,37.652271966206136,25.050795493906943,Apaggeio
59b7dc4f5d891b3e5569696b,Italian,37.65174,25.051006,Palermo
4e4e9d7e62e14b77e3900f71,Tavernas,37.636242,25.047889,Ταβερνα
4fe612b4e4b0ef8f17cdad47,Greek,37.65195721527944,25.051027177037138,Μάρκος
4e0a4ca37d8bd08065f7902d,Beach,37.647446650086394,25.05878251916901,Ροχαρι
4e4d58e818388d4981744b6e,Greek,37.65183,25.051446,Παλέτα
4e4c0c65b0fbbc2182b4598c,Food,37.65210293987567,25.05095766467337,Μαΐστρος
571ce297498e7d1d2a8efd7e,Café,37.65203138998039,25.052399896240132,360ο
53aed99d498e5522d44ac77c,Pool,37.655778,25.062719,Glafki Pool Bar
53ab01b4498eb1bef76de1c8,Desserts,37.648538082613356,25.05793125948691,Agia Thalassa
503110cfe4b0d68f38713c0f,City,37.636141196980354,25.04959653110493,Πλατια
4e4b6455ae600cc1e316a20b,Gaming Cafe,37.652136259928405,25.052228768940004,Αγια Θαλασσα
53f5e701498e1548114725fa,Beach,37.65958799889714,25.060462333944024,Καβαλουρκό
502c2c87e4b0ce5aae5fd99b,Beach,37.65305539286916,25.050106235631194,σταφιδα
5b1551ecf427de002cc83c8a,Lighthouse,37.65899,25.066433,Πλανήτης
4e5013467d8bd425e4995558,Lounge,37.82390508468949,24.957060628680217,Punta Playa
4fca1918e4b0ca83a36c5317,Beach,37.82121137337932,24.959210063022923,Syneti Beach (Παραλία Συνετίου)
53d4d849498e86369d33127d,Beach,37.81770324707031,24.96021842956543,sineti beach
521f542211d2d0712ee717d0,Beach,37.82269271707228,24.95611045951916,Συνετί
53b236a3498ec433eea10696,Billiards,37.80815124511719,24.959243774414062,Βουνί
53d52839498e6d8d498c0f62,Church,37.81540622472705,24.948758145895408,"Αγία Ειρήνη, Ηγουμένη Της Μονής Χρυσοβαλάντου"
53714da0498eeec2658843cd,Other Outdoors,37.81116283849195,24.943850721052666,Dipotamata
502d8d86e4b045d78f0273e2,Kafenia,37.816740025589894,24.950872893882742,Η ΒΡΥΣΗ ΠΑΡΑΔΟΣΙΑΚΟ ΚΑΦΕΝΕΙΟ
4e4e0f462271a1bdc3cb0225,Neighborhood,37.81621691148471,24.95164347000972,Sineti Andros Greece
5548ea83498ec0cad4a2addb,Ice Cream,37.844460314283936,24.935970882473764,Del' Arte
5b4331df98fbfc002cf40dac,Café,37.83795,24.939623,Λήθη
4f899242e4b0202c0656da6c,Coffee Shop,37.83075956481674,24.934070423526208,Αναψυκτήριο Πόπη Στυλιανού
57274a8bcd10108364fdda32,Sandwiches,37.846626,24.938772,Cavo Kantina
5027f8e6e4b0f66ff9163ab9,Other Outdoors,37.83756645550453,24.938238875799865,Αγορά Χώρας Άνδρου
5b86f394286fda002c5bbfa5,Restaurant,37.8361,24.937813,Verde
5394a6d3498e931e5caf059b,Town,37.83770829604315,24.938908461270717,Άνδρος
4ffa9837e4b03705cfad25a3,Art Museum,37.83855739138392,24.939237593405203,Μουσείο Σύγχρονης Τέχνης
4e3f9d3d62e19d61098a6e2a,Museum,37.83627407979349,24.935173199095786,Ίδρυμα Πέτρου & Μαρίκας Κυδωνιέως
5199c940498e791eec866bf7,Post Office,37.83473537869433,24.931822305972073,ΕΛΤΑ Ανδρου
4fc9ea94e4b0f59887279323,Nail Salon,37.83455046054385,24.93072721241586,Smaroula Nails Spa
518a19f8498ea8e07f4e5d18,Library,37.83629444232072,24.93511915370701,Καΐρειος Βιβλιοθήκη
53d93afa498e695038ea378c,Museum,37.83861770387067,24.941156532066184,Digital Museum of Andros (Ψηφιακό Μουσείου Άνδρου)
4e4a4040ae6014a2fdcf470f,Museum,37.83959695231124,24.94210094912966,Maritime Museum of Andros
53e1e5e5498e1ea2b7300f30,History Museum,37.83783603348293,24.93968066573143,Αρχαιολογικό Μουσείο Άνδρου
4e4f78acaeb70f1284a0ce12,Museum,37.839919948253055,24.94284836936395,Ναυτικο Μουσειο
4e424d8db0fb09b6086c8eb5,History Museum,37.837958,24.939503,Archaeological Museum
4f88132fe4b05ae887859b9f,Plaza,37.83794811118443,24.939589440820516,Πλατεία Θεόφιλου Καΐρη (Κάτω Πλατεία)
50321b42e4b01a4fc2d05080,Bank,37.83771458467893,24.93862973276456,Εθνική Τράπεζα (NBG)
4c1de3ed8b3aa5938c4a9b5f,Kafenia,37.8379982811157,24.93956908987352,Πλάτανος
4e48dcab1f6e29f10dc51ef8,Hotel,37.83791622200918,24.939180779915198,Niki Hotel (Ξενώνας Νίκη)
4c419fa43735be9a2da718a4,Greek,37.837809076152425,24.93965196177083,Η Παρέα
58f1fceb610f047299664e7c,Creperie,37.83751,24.938205,La strada
4e4ba2166284a0b024b4eb69,Art Museum,37.838066226457656,24.93937198223753,Museum Of Modern Art
501d6848e4b0125d271398fb,Athletics & Sports,37.83369105682227,24.940513399927305,Dimotiko Stadio Androu
4d39f4d297e0a1cd731b693e,Greek,37.83770649439508,24.938746268594137,Endochora (Ενδοχώρα)
59a1c4293b4e00490549ccba,Magirio,37.838006,24.939912,Τα σκαλάκια
4e3c3a99d22d102e85310cc8,Fish Tavernas,37.83842637177941,24.93809207206622,Νόνας
51fb487e8bbdb687291f8135,City Hall,37.83595419127664,24.934533834457397,Municipality Of Andros
500c3c7de4b07041cf82e4e3,Jewelry,37.837869,24.939576,Paraporti Jewelry
502445b5e4b00ac2d8b174b0,Fast Food,37.837475921875544,24.938265324883986,Κρεπερί Απολαύσεις
4e1c199f7d8bdabfd0fa765c,Pharmacy,37.8347981466956,24.9396095364884,Φαρμακείο Τσατσομοίρου
57443543498e880e35ca78e9,Pharmacy,37.836964,24.937042,"Φαρμακείο ""Μαρία Βενετίκη"""
5104373ce4b0c047e4f1d04d,BBQ,37.83607802939708,24.935907147741776,Παραπόρτι (Εξοχικό Κέντρο)
4fc341e8e4b0addabfe0280b,Bank,37.83757501084856,24.938311677096628,ethnika trapeza chora andros
51e6ddf42fc6b64095bef372,Desserts,37.83711740392258,24.937345829104682,ΖΑΧΑΡΟΠΛΑΣΤΕΙΟΝ ΛΥΓΙΖΟΣ
55c8f110498e156e9ffcf561,Food & Drink,37.836068,24.933889,Ροδοζάχαρη
5195052f498e01023972a0f4,Bank,37.837607662566825,24.939603742484252,Eurobank
500eaf21e4b00fee85966e83,Nail Salon,37.83775135486641,24.938242148775306,Health and Beauty
53b8145e498eb33cef9640b4,Church,37.83971,24.940456,Παναγιά Θαλασσινή
57ab7296498e8ffa36e7921a,Italian,37.837847,24.939758,Pomodorini
4e43a331d4c02cf15f57cb52,Art Gallery,37.838647121712995,24.939319836160276,Goulandris Museum of Contemporary Art
4fbb4950e4b0a192a8ce997d,Office,37.83687193725839,24.936816815059974,Palio Dimarxeio
540c9366498e7fb9021f0baa,Government,37.83549499511719,24.930557250976562,Dimos Androy
4e4abcb87d8b3dcca35e77cc,Mediterranean,37.836769104003906,24.929079055786133,Menu Με Νου
4e6bf81052b145628626fa3d,Church,37.83721880221592,24.93836335980403,Κοίμηση της Θεοτόκου
556b2501498e61c8e7a40c00,Mediterranean,37.839506,24.936036,τα μπινελικια
5491f717498ecad067ec6d0c,Pizza,37.83953,24.935859,"Πιτσαρία ""Η Ακτή"""
53fe4d22498ee68b385cd382,Boutique,37.837609,24.939569,Filotehno (Φιλότεχνο)
4d8cdd5a788c5481c7c013fd,Boutique,37.83759044172859,24.938502879907066,Filotexno
5b4ce937febf31002c7f168a,Greek,37.8379,24.939661,Nostalgia 1950
54f9e04f498e479354bd4496,Optical,37.83705456684962,24.937036988950236,Οπτικά Ράζου
53b51d65498e6362788b36fe,Building,37.83520441484255,24.931857070789313,Ειρηνοδικειο Ανδρου
4fed9d97e4b09cfafd380cdb,Greek,37.839409,24.935821,Obelistirio Louis
58fa7525dec1d656aadb4448,Supermarket,37.837147,24.936523,Express Market
5027f967e4b092aac68b8d05,Bank,37.837272959564665,24.937587423053262,Alpha Bank
581a2901d409e977bb5f14d8,Betting Shop,37.8346,24.93071,"Πρακτορείο ΟΠΑΠ ""Ζιώτης"""
5022e21ae4b03bca04aedf91,Church,37.83878218141093,24.94091318491335,Άγιος Γεώργιος
51857b0c498e5a49068722a6,Church,37.83771088521959,24.94031061026207,Παναγία Θεοσκέπαστη
5616734d498ec64a05a99a54,Fruit & Vegetable Store,37.83582052426646,24.93333457224693,Οπωροπωλείο Γασπαρής
4e4c38fe8877d76262feb75d,Bar,37.83759880785342,24.938434818631535,Mickey's Bar
4f69b5f7e4b0bac6beecfff6,Desserts,37.8375993915771,24.93838093606382,Laskaris Patisserie
4d72133aff6ba35d6286688a,Snacks,37.837701534790845,24.93832556088987,Krisilias (Κρίσιλιας)
4e9180e4754a0a39bdcb0c55,Beach,37.84307143291804,24.934818148612976,Neimporio (Νειμποριό)
53e92c46498e9962c3a63c44,Bar,37.83763016245558,24.939644797656694,Jazz (Νέω)
4d8e007cc1b1721e55332546,Greek,37.8372842563147,24.938085542855795,Skalakia Taverna
55686742498e3d0ca3247f62,Yogurt,37.83772787483821,24.93894322536512,Δωδώνη
55c67db4498ed2db086d9922,Nightlife,37.842639,24.934438,Moomba Afterlight
4c1d04e68b3aa5930fd1995f,Sports Club,37.8445420310933,24.935813449381403,Ναυτικός Όμιλος Άνδρου
55b29425498ecb1af4863dbf,Bar,37.83738250843208,24.93802197566412,Levels
4c1bf0d1b306c9287d0d63b7,Bar,37.83792089097461,24.93960174454687,7th Heaven
5b574d2e4c30be0024b2cafd,Juice Bar,37.837171,24.937451,Fresco
5390adad498ef50eb3da85e7,Gas Station,37.83420967370268,24.929597350301837,Ελίν
4fdf59d7c5931dd6ce7e2379,Mobile Phones,37.83545746432987,24.932654133383323,Vodafone Άνδρου
5012c2b1e4b0649cc132f70d,Hotel,37.84052827812115,24.9345918919752,Vassiliki Kodou
4fc62f6fe4b09cc8bcabbbaf,Harbor / Marina,37.84601242951159,24.9386882885904,Λιμάνι Χώρας
4fd4b3a8e4b034e1fa9a5013,Greek,37.84117570768786,24.93457450970642,Arxipelagos
4db5500c43a1369cb5cbcf49,Greek,37.83603101674742,24.937691128989318,Menu με νου
518b4363498ee94467e4079f,Bakery,37.837501894302825,24.938010387601693,Φούρνος Γαρύφαλλος
53b72868498e7e355fa25c05,Souvlaki,37.837459542700685,24.938153774398636,Το γιατάκι του κεμπάπ
54ec169e498edcb444abea74,Bakery,37.83610920883526,24.937367249518793,Ακροπόλ
4f899311e4b0183205e80b8a,Coffee Shop,37.84375762939453,24.934707641601562,Αναψυκτήριο Πόπη Στυλιανού
4e44119d62e1b6355aa764ef,Greek,37.8326447618075,24.9408378631403,Paraporti Taverna
55d05058498ebce93661aa05,Restaurant,37.837607558104786,24.93640543714684,Dolly's
4e24ab51483b052d52219e69,Greek,37.83733181761081,24.937887008783836,Η Πίτα της Αγοράς
4d1fa504b69c6dcb33f26895,Greek,37.836217,24.931116,Το Παραπόρτι
4ff8a292e4b0463f71e16f1f,Greek,37.83489810385018,24.931920806278388,Da Franko
562bc32c498e315875f02f68,Greek,37.832527,24.941389,"Κέντρο Εκδηλώσεων ""Παραπόρτι"""
502e9f1fe4b0d68f37556b38,Greek,37.839629,24.936101,Μαδούρης
5b491112c0af57002c44116a,Seafood,37.84452,24.935828,Gold Fish
55bbdd12498eae66e4e4bbc2,Cocktail,37.837376267454026,24.937988241513636,Levels Cafe - Coctail Bar
4e1c187da809bd1305c23f1b,Town,37.837418574239095,24.93752948266326,Χώρα (Άνδρος)
4d8e7453c3d04eb9181fd3c9,Café,37.842838710078304,24.934535120520525,Swell
4e6e61ae62e1ce64875cf1e1,Coffee Shop,37.83783682266647,24.939616933161666,7th Heaven Cafe
4e11fc2b483bee47ff368ae7,Plaza,37.840205260344916,24.94281838935062,Πλατεία Αφανούς Ναύτου
4c5c7e2c2815c928bd38b267,Ice Cream,37.83787859985911,24.93932084171992,Ermis (Ερμής)
4db2f61543a1369cb5971ba3,Greek,37.83733429224461,24.937896428869234,Nefeli
4bdf2bc77ea362b54f5f43c4,Hotel,37.837377097827634,24.9365764361091,Micra Anglia Boutique Hotel
518d3256498e8e96e95804bc,Desserts,37.83735354522281,24.938045151787794,Galanos (Γαλανός)
4d7795350bae236ac1c16b14,Greek,37.83945782402742,24.936159253120422,Madouris (Μαδούρης)
502a5be9e4b0fc9ab3cad281,Village,37.83383821303158,24.932500219269233,Αποίκια
56961483498ee31c4133faeb,Gas Station,37.83942048362697,24.935710149403903,Shell
4fbf8385e4b0b0419aeb963f,Breakfast,37.8411157760506,24.934562921526734,Maistrali
4e2f011145ddcf0f5c7e3544,Movie Theater,37.83602588451195,24.93604119032069,Cinema Alex
4fb24175e4b0da11f32a0782,Grocery Store,37.83753691986738,24.938340647226322,Γονέος
594ce160005ac17945f770d4,Modern Greek Restaurants,37.842552,24.934668,Theros By Moomba
4d3af81397e0a1cdf950733e,Greek,37.82356310292517,24.92810351429452,Γεύσεις Με Θέα
5204a6b4498e85e891b7e28c,Hotel,37.84083476895469,24.934597686064592,Alkyoni
4c73e8702db5236aabbeb879,Hotel,37.837479,24.93829,Egli Hotel
5023ccb0e4b0790fbe6da790,Beach,37.840026,24.942859,Kamara Beach (Καμάρα)
520b6514498e5dc2d389f4ef,Hotel,37.833820407127995,24.93247124864307,Ραστώνη
50ca4333e4b0b9e8b461c7a7,Dog Run,37.836322244326745,24.931625305274128,Smaragda's Vet Clinic
4fe6e9ebe4b0ec3d8562c9ac,Neighborhood,37.83938181258924,24.93699063656411,Plakoura
5b535c47a2c00b002cc103e3,Beach,37.838801,24.938899,Ακτή Χρυσής Π. Γουλανδρή
4e78244eb993adb6bdb627a4,Bus Station,37.83626937866211,24.937623977661133,ΚΤΕΛ Άνδρου
518410b9498e1351847368bb,B & B,37.835659,24.932516,Sofi's Suites
51fa8ab4498ed11313ef3c16,B & B,37.83607325988889,24.92813721526218,St. Louis
50168278e4b0073bd149f813,Beach,37.843517987153476,24.9347019796569,Paralia Neimporio
5207869911d29e51e43c3326,Hotel,37.834945,24.934284,Anemomiloi Studios
4bc8eaee762beee12db23d38,Hotel,37.83337044763095,24.929243658922168,The Paradise Lifestyle Hotel Andros
55fda439498ed5a5412b8b3f,Movie Theater,37.839244,24.941167,Κινηματογραφική Λέσχη Άνδρου
5395b31e498e1d03a7509069,B & B,37.84659257155871,24.935408857608056,Myrto
4f89715ce4b0af04c07cd219,Trail,37.823488591235204,24.928171980454724,Livadia
597b69bee57ca647e1918d87,Supermarket,37.833942,24.930208,Προμηθευτική
4fafb19be4b021a2c07bea4e,Grocery Store,37.834979,24.93151,Goneos Super Market
50117737e4b0cfd789afe5df,Neighborhood,37.82810757345203,24.936295350015413,Vrachnou (Βραχνού)
51438d7ce4b0bb73918f72a5,Neighborhood,37.849138353864674,24.92872822305416,Στενιές
4fbf3bebe4b08821680e387c,Hotel,37.84288768986403,24.93358371892088,Irene's Villas
51c62218498e52a022de7514,Restaurant,37.84267307128824,24.93447645759225,Moomba • Restaurant | Bar | Afterlight
4db568376a23c31a0328f49d,Harbor / Marina,37.84463154697258,24.93581154561554,Andros Yacht Club
578f9b08cd10d85fb8771fd4,Beach Bar,37.8342397174535,24.943462527396672,The Rock Andros
500d34b7e4b0c2a4e11239a7,Vacation Rental,37.836362,24.935478,Ελένη Hotel
53c950cd498e947dedceb94e,B & B,37.83488464355469,24.93000602722168,Villa View
5009d7e4e4b011457859d87d,Sculpture,37.83795654437573,24.93944093584179,Afanis Naftis (Αφανής Ναύτης)
4e9181a91081927c31b044e0,Beach,37.84319852027749,24.934802055358887,Nimborio
55dee75f498e3c4e088a5762,Vacation Rental,37.834363,24.930931,Καλημερα studios
53f34043498eb24da0fad369,Beach,37.84602159258074,24.936712522114917,Piso Gialia Beach - Andros
506b3264e4b077f45b6c2e00,Resort,37.833668,24.931471,Edem Private Suites
4d8f0e3ecb9b224bee579241,Beach,37.83470813267127,24.943219181893756,Paraporti (Παραπόρτι)
55bd1d71498ede53c762a756,Theater,37.835347247622174,24.935052440494093,Andros open Theater (Ανοιχτό Θέατρο Άνδρου)
4e60c1417d8b854088e3ec2d,Café,37.83778520164196,24.93912863380865,"Ζαχαροπλαστειο ""ΕΡΜΗΣ"""
501ccd9ae4b071e496f1ad5d,Theater,37.839266,24.941342,Δημοτικό Θέατρο Άνδρου
4c1d0546eac020a1b47547c2,Travel,37.844614,24.935905,Ναυτικος Ομιλος Ανδρου
5360b59c498efef855a6c138,Club,37.836254,24.936183,Λέσχη Ανδρίων
5528e5c9498e5d118065f0f9,History Museum,37.833104,24.929686,Παλαιό Παγοποιείο Μαντζαβελάκη
4e6bf0db483b1f5ebdde3d3e,Church,37.832107205741224,24.94295597076416,Αγία Μονή
5016cccde4b0f1643475180b,Electronics,37.837794913586734,24.938415969551993,Elektrik Shop Barbara
5055a801e4b0e95b0f0dc777,Arts & Crafts,37.83786814989376,24.9389548133958,Ενθύμια Άνδρου Λασία
502f529ee4b08345ccc2fb5d,Pharmacy,37.83768490433073,24.938450733696683,Farmakeio Benentiki
4e3c5060a809ba757bfaa397,Jewelry,37.837846,24.939699,To Petradi
593c460cf79faa76f4e05f4f,Church,37.844837,24.935324,Ιερός Ναός Αγίου Νικολάου
502c23c2e4b050746e98f4eb,Mediterranean,37.8366584777832,24.932052612304688,Το Αγρόκτημα
5268f12511d20f7381a0e33f,Hospital,37.83618452545599,24.936579258860874,Κέντρο υγείας Άνδρου
5173e7cae4b01abc3d518800,Island,37.83768740565498,24.938763610839164,Agia Thalasinni
4f001b3f61af974bce4cdd35,Church,37.834458604689935,24.930825713038296,Ιερός Ναός Κοίμησης Θεοτόκου Μαινήτων
540dc886498e6b167622398d,Classroom,37.83634934647778,24.934499186531454,Φροντιστήριο Θετικών Επιστημών
4fbc90b5e4b0fb19b11856df,Government,37.83671273640132,24.936301144075845,Υποθηκοφυλακείο
4c449a86f799e21e0b0faea2,Bar,37.841229227885876,24.934522362894754,Neptuno Bar
4e3c6a5752b1a04aff0a6156,Bar,37.83738126418016,24.938031989821575,prive bar
505850c8e4b05aa0404142c0,Yoga Studio,37.83518584914254,24.931427512356976,Wellness Center Studio Pilates
58f0a1ba51950e59f0bcc6cb,Bar,37.83631345899166,24.937669336795807,Locus Bar
50eee30ee4b06c9e6737e2e8,Food & Drink,37.837262,24.9377,"Παντοπωλείο ""Ο Μπακαλόγατος"""
517e3890498e199d4cd7ba15,Building,37.835205078125,24.932283401489258,Ικα Ανδρου
51c5b96b498e570ebaef3182,Coffee Shop,37.84660339355469,24.93946075439453,Όλα στην Μπριζα
502014b7e4b06a4997690563,Greek,37.823492,24.928137,Φοφω
515ad6fce4b0fbffb6dff91c,Bakery,37.839284129105486,24.935907125473022,Τυρόπιτες Κρίσιλιας
4fe21d44e4b0518a42439097,Greek,37.839837,24.935939,Εναλιον
5019864fe4b081fdc25b2465,Greek,37.838546,24.938099,Nonas
5252f0b811d2cb4800a67088,Soccer Field,37.8336825213959,24.941961894021123,5x5 Soccer Field Andros
4e6bef1d18381712d9a73a7f,Heliport,37.835784840104395,24.94390866036629,Ελικοδρόμιο
51efcebd498e5def40566bc3,Beach,37.832983,24.946968,Elikodromio Andros
5633aa11498efa5fc7828750,Soccer Field,37.830231483220935,24.933757542073963,Socceristas 5X5 field
51aef9f42fc67cb5d2d3e86a,Creperie,37.83748784543848,24.938374757766724,Creperie Aπολαύσεις
4e2c8b85aeb745b1facf4889,Breakfast,37.837833385321666,24.939105457758732,Navy story
59739352829b0c177755d02b,High School,37.836062,24.935279,Εμπειρίκειο Γυμνάσιο Άνδρου
5014cfafe4b0bc7cf5abe4e4,B & B,37.844507537721235,24.93475992052772,Pension Stella
572f79e8498ebcd9f14086bc,River,37.831056,24.932962,leivadia
520a7ac911d276ea37e61a7f,Hotel,37.840866,24.934391,Αλκυονη - alkioni studios
5200bf462fc655c838e0946a,Desserts,37.834358888985186,24.93060553513713,ΚΑΛΛΙΒΡΟΥΣΗΣ  Patisserie
4efc92544690a04b1410c417,Café,37.834383111961074,24.93075038903546,Πόστο
503f96c2e4b05e2f1007983b,Café,37.837735,24.93877,Endo Xora
4ea172d5754a481955731eb0,Mobile Phones,37.837140445907814,24.93720531463623,Καταστήματα WIND Άνδρος
500e6e9ee4b011360ebdd1e9,Hardware,37.83788785650759,24.939256102055,Αμωρατη hardware store
53159233498e26c375df32a6,Design,37.83696250892924,24.93598222732544,Design & Construction
52f8a5ca11d24a4322d4cf79,Design,37.8368438840384,24.935703277587887,Design & Construction
5179c355498e982b9fd434e5,Sandwiches,37.837682,24.938295,Απολαυσεις
500c924de4b0cefa50368db2,Sandwiches,37.83750036593076,24.938427557600615,Megales apolausis
4fb52dc7e4b087193afe65e5,College Bookstore,37.837016411695814,24.938415969551993,anagnostirio
4fb677b7e4b05a76e2f9afc9,Toys & Games,37.837866382486204,24.9386882885904,Μια φορα κι εναν καιρο
50caf0e1e4b09d952ecbbf72,Apparel,37.837271,24.937613,Εμπορικο Καταστημα ΣΤΡΑΤΗΣ
50a3d806e4b0bf9eb742196a,Gourmet,37.83743555985044,24.938132062237507,Paradosiako pantopoleio Androu
53615e9511d25cc8ddcf65c2,BBQ,37.837852478027344,24.939661026000977,Kamares
4f75cbb97beb90b36ea63a07,Jewelry,37.836692564151726,24.936289555954875,OXETTE Jewellery & Watches
51f7e12a498ef8790686d65f,Gift Shop,37.8371467590332,24.93721580505371,Spitokosmos
4fb62c03e4b06643fff6686c,Mall,37.837122,24.937107,Ypodimata Aleksandra
5055ad1fe4b0cbb61af6f8f4,Bank,37.83722337971579,24.938404381502977,Ate Bank
5491ea76498e75efe2dd5b1e,Office,37.837472,24.938134,Αστυνομικό τμήμα Χώρας Άνδρου
4d77b6002b4b6ea85be245fe,Government,37.837133,24.938355,Limenarheio Androu
51aeedf2498edc8dcfa633be,City Hall,37.836280822753906,24.936145782470703,Πολεοδομία Άνδρου
555c0e72498e3205c1ef080f,Classroom,37.83522,24.93547,ΓΕΛ Άνδρου
518d42c5498ed385bdc616a4,Accessories,37.8370387676869,24.93724822998047,*Trendy* Fashion Accessories
536cf9d1498e0244170e5736,Flower Shop,37.8380241394043,24.936756134033203,ανθη-φυτα
4eb25cd2e5e812fc2ef41ddf,Motorcycle Shop,37.83805554358924,24.93617534637451,Honda Moto Κοτρωνάκης
5055b4ffe4b0e932c948e9e8,Antiques,37.83649371490319,24.935316152386513,δέτης
53ed14db498eccb8268d937d,Art Gallery,37.836481,24.935137,Gymnasion Androu
50b71d30e4b06f5c00f31827,Office,37.838008880615234,24.93590545654297,@Work
4e55cee3c65bfef9a5635382,Church,37.823166476160004,24.928322629581526,Agios Konstantinos
53c66718498eed8d9c3950d0,Beach,37.83280888376182,24.94696204821671,παραλία λύδι
53ed2a2f498e318087de20ae,Desserts,37.837387,24.938024,Γαλανος
4fa6d239e4b038e6a369a667,Souvlaki,37.837682,24.938602,"Souvlaki ""Louis"""
53b5210a498efbd69a82f399,Building,37.837774,24.939735,Υποθηκοφυλακειο Χωρας Ανδρου
4f5793b2e4b04e88c1b47dd0,Neighborhood,37.83797496883895,24.939551596442502,"Ανεμόμυλοι, Άνδρος"
5188da08498eb86ce54b7846,Building,37.83766,24.93515,Υπηρεσια Δομησης Ανδρου
57b4ac9c498ea561bd59815f,Adult Boutique,37.838566,24.940288,αρμαθιά
4e08c07e1520fc3138f0d855,Apparel,37.83808096280724,24.939691722393036,waikiki andros
54a3a5bd498edea25cbdfd88,Electronics,37.83709611414249,24.937262956742266,Γερμανός
4f9486a9e4b0f08d40ef465e,Lingerie,37.83741158714508,24.938106536865234,Marimina
5060c435e4b0f6baef50d0e5,Movie Theater,37.83770974566474,24.93758162901471,Kiath's Theater
57bec97f498e904482ce4915,Hardware,37.837793,24.938473,Αμοράτης
53efa10b498ec9e735bbbfda,Stadium,37.835347706075794,24.936254791589604,Εμπειρίκιο Γυμναστήριο Άνδρου
55701fa5498eedcba0e2cafd,Dentist's Office,37.83793781488211,24.936075175645847,dentist tsoumezis
507fdb30e4b09f0e2af3577c,Well,37.828434,24.929086,Antliostasio Dimou Androu
4db1ab1ca86e63d2117070f5,Hotel,37.830425,24.928348,Stylianos
4e6fa900483bd41a3dde80de,Greek,37.83768502026598,24.93826532488399,Οβελιστήριο (Λούης)
50748a9ce4b0b4fa5d9e8667,Bakery,37.837665,24.938702,Artopoiia Zaxaroplastiki
53610056498e9708c6b5b584,Hot Dogs,37.83747388129343,24.937853948720342,Anapsiktirio
579746cf498ed551aaeb7046,Bookstore,37.83679,24.936525,"Βιβλιοπωλείο ""Γαρυφάλλου Δ. Σοφία"""
52c424d1498e78ffc3a897a4,Event Space,37.83767114138019,24.93855502610946,Στεκι Συλλογου Μαινητων
5204c937498eaa7f0822bb67,Café,37.838564,24.939258,Rooftop Cafe museum of modern art
503ded87e4b0ee74551e2e36,Betting Shop,37.8377107294325,24.93509597738429,Πρακτορείο ΟΠΑΠ
552bb10a498e0306f1af3993,Meze Restaurants,37.83721705687563,24.93764536343342,Η γωνιά μας
4faacc29e4b0f1115edfafd9,Creperie,37.837556,24.93831,Creperie
578f4e86498eeeccfeeedff8,Massage Studio,37.836878,24.934907,Εργαστήριο Φυσιοθεραπείας
4e4fe7048877402b06c9fffb,Outdoors & Recreation,37.82323009657337,24.92836898314564,Άγιος Κωνσταντίνος
536a59a4498eb50025f9f32e,Spiritual,37.83837127685547,24.937463760375977,Reiki Center
542c18cf498e60f485455abf,Dentist's Office,37.839416,24.935087,Dental Clinic
4db5c595cda1c57c8275f450,Greek,37.839669,24.936074,Η Ακτή
50085e6ce4b0ffb3329b670a,Mediterranean,37.83947131655097,24.93617946878601,Παλινωριο By Cavo Del Mar team
52102d7611d2ce6e65c97a02,Nightclub,37.8395893718668,24.935837618929654,Castello Club - Pepito
53fc52b1498e8a98847e832c,Doctor's Office,37.83900356076921,24.934951125331565,ΙΑΤΡΕΙΟ
4df4da96d22d8c5470e2748e,Greek,37.839538,24.936076,Παλινώριο Kafe-restaurant
4e3fdab4fa76455375d6584b,Seafood,37.839761,24.935912,Palinorion
4f17f8fae5e8621740629933,Hotel,37.8401992001929,24.93413418531418,Iro Studios
4efda9e30e618ea764900d5b,Jewelry,37.84262880957285,24.934603480153893,Σακελλάρης
5041d07ee4b06a01ba409cbe,Hotel,37.8427,24.93623,Ξενοδοχείο Αίγλη
4db34be4cda1c57c8243aff9,Greek,37.835138,24.930123,Menu
536383e1498e3a7c108e69fc,City,37.840273783603145,24.93119074450883,Steniai
4fa5379de4b0d90525750350,Snacks,37.843741,24.934666,Anapsyktirio
502e8954e4b0f8a00050adfc,Hobbies,37.841387,24.934264,Fishing Shop
521100a9498edca0cd25aaeb,Athletics & Sports,37.83504867553711,24.933448791503906,Εμπειρίκειο Γυμναστήριο
53c6668f498e684dd0069cf3,Beach,37.840784197542746,24.93257554288576,παραλία λύδι
501d84ffe4b02330f64070b9,Hot Dogs,37.843711,24.934743,Παντελης
53e28f0c498ed4ef32a2ec9c,Bar,37.84438436190477,24.934736744180576,Floisvos cafe bar (Καφετέρια Φλοίσβος)
4f9718f9e4b0d010abf39be2,Police Station,37.835566547213595,24.93331718991405,Α.Τ. ΧΩΡΑΣ ΑΝΔΡΟΥ
506690efe4b05eea6f69447c,Apparel,37.835176,24.931442,Skorpios
5220791b11d2e6204f463a65,Shipping Store,37.835815,24.933226,ACS Courier
5255405e11d29a67e9fc3ea8,Military Base,37.83568308497705,24.9332534546859,4ος ΛΕΘ Άνδρου
51935713498e8e5bcf7b12fc,Government,37.83494265595241,24.931132803031637,ΔΟΥ Ανδρου
4d8f3839d265236ae3631b17,Café,37.843089,24.934578,Paralia
53f8b34d498e70ab36378944,Town Hall,37.835662841796875,24.930946350097656,Δημαρχειο Ανσρος
51161d16e4b0127176531e4f,Automotive,37.835933685302734,24.931367874145508,kiagias moto
4c44a82b429a0f47f30c491e,Greek,37.84179574900896,24.934522362894754,Vegera Restaurant
4fb143a1e4b08594943cd463,Hot Dogs,37.846553,24.939426,EScorpios
4f816972e4b0a6d0b7031a7b,Vineyard,37.850842,24.935324,Chateau DimPol
4f75b3f8e4b08a9c85e75efb,Farm,37.83481774710114,24.931845482517296,alogo
5364c53f498ef8bbfccb8e1e,Athletics & Sports,37.843822,24.937241,HMRT Racecourse Andros
535ff1b4498e477d96752561,Event Space,37.84590492746492,24.93949365638674,Sail PROmotion Andros
4f816f1ae4b0bc1417fd80ca,Beach,37.85372759301763,24.939169191892212,Gialia Beach (Γυάλια)
57bdcc3d498ed05a793a4388,Factory,37.852358,24.934202,Embiricos Watermill (Fabrica)
5022a6f7e4b08b2769937874,Church,37.855356,24.938149,Αγία Φωτεινή
4e46593a183849317e747b29,Greek,37.852119581346436,24.938775198875955,Ta Gialia Taverna
4c6e4a0b06ed6dcb814ca622,Restaurant,37.85207579980125,24.93871725868805,Gialia
5016d019e4b07c3cf3f8c7d0,Neighborhood,37.85571190422827,24.939412540292096,lamira androu
51fbc554498e412593c905c3,Restaurant,37.85209539179956,24.938727436745037,Γυαλια Bar Restaurant
4e0f123422711665f61ab770,Beach,37.85540734922466,24.93921995845654,Piso Gialia (Πίσω Γυάλια)
53f77883498e585472a9b861,Church,37.853580474853516,24.931503295898438,Παναγία Κούμουλος
4c1a0548834e2d7f44312b80,Beach Bar,37.85546056909481,24.939214561939306,Πίσω Γυάλια Beach Bar
535266c3498e1cc910900487,Landmark,37.852946,24.924854,Bistis Tower (Πύργος Μπίστη)
4c41fc96af052d7f8f377e79,Greek,37.85659449081386,24.938364845798038,Barbarola Taverna
4c401c48ff711b8da4e70f05,Plaza,37.85402140174482,24.92793441823514,Stenies Town
5ac74d1eacb00b15aa553238,River,37.852363,24.924034,Πυθάρα
53ef6c8a498efa3285f0f4c7,Beach,37.86588645457173,24.948242493018057,Platanos Beach
4deb49efd22da22d4eea5f97,Church,37.872117905643336,24.92470622062683,Μοναστήρι Αγίου Νικολάου
53e50869498ea1e91a51d791,Non-Profit,37.850117,24.916472,ΠΥΡΓΟΣ ΑΓΑΔΑΚΗ
53d0b0ad498ec9b63c74721b,Island,37.87583577305784,24.957096576690674,Theotokos Island
51bc496e498e110ae108f0d3,Castle,37.861782,24.918419,Μοναστήρι Αγίας Ειρήνης
53fcd69a498ebd6e2a1486f1,Kafenia,37.84969857164038,24.90901582416865,Του Παριανού
50f85f8ee4b0e5b3e970773d,Factory,37.850355210442075,24.90901582416865,sariza Waters S.A (Νερα Σαριζα ΑΕ)
57c41c97498ecb6f8dcd95ad,Church,37.886734,24.922005,Άγιος Ιοάννης
546a162b498e75af09608ffb,Farm,37.848437815028426,24.90977490577978,Αγία Κυριακή
502ce40ee4b047ef993d73ac,Hotel,37.89358264503853,24.95106988343514,Onar
562246c7498e3dc5e7d938a4,Village,37.85070129293818,24.910632492146398,Αποίκια Ανδρος
4c6bb746a48420a1e08b0a0b,Beach,37.89390955688895,24.951087264860746,Achla Beach (Παραλία Άχλα)
51ee8a80498e66ca887f0bdf,Well,37.84963901824947,24.908952084415038,Sariza (Σάριζα)
50264e25e4b0352ef8f1d0c6,Other Outdoors,37.849885626542864,24.90874348150234,Pithara
50326244e4b0dea803f410b4,Mountain,37.850455761677765,24.90998930257222,Apoikia Village
4c6948043bad2d7f7f61afee,Greek,37.8394,24.91708,Asimolefka
53ba7649498e3a0a0d3b503e,Trail,37.845516204833984,24.904876708984375,πιθάρα
520139ca498eb9702cd11768,City,37.86354931338058,24.887714500378735,Vourkoti (Βουρκωτή)
5a873b561543c734d27e2f37,Preserve,37.837836,24.91933,μεσαθουρι
4e46ce57b0fb93df270ec72a,Greek,37.839391551095,24.91695781158252,"Ασημολευκα, Μποζακης"
560d6ccd498ecd7b70384163,Bakery,37.83269119262695,24.927249908447266,Αρτοποιείο Δουλαβέρη
57e3ef55498ec1b5d762cba6,Farm,37.83553,24.918299,"Υψηλού, Κτήμα Δημήτρη Ανδρέου"
502f52a7e4b08362156e2309,Other Outdoors,37.84362705512793,24.91052239671916,Ιερα Μονη Αγιας Μαρινας  Ανδρου
4fe189f9e4b0217920a355a8,Café,37.850222,24.909933,Blue Enigma
4e9755774fc6eb26c72ae3aa,Beach,37.90255824394821,24.873154163360596,Βόρη
4f8bed47e4b0b1c4b2009639,Pharmacy,37.87485701163588,24.832166131972844,Arni Village
4e351693e4cd9aba7cc11727,Beach Bar,37.909685789872775,24.83917318907868,Ateni Beach
584eac46109dfe7d5c4a0fb3,Beach,37.91228786031215,24.837250113487244,Μικρό Ατένι
4e1046e8c65b4a49f30290c2,Beach,37.93832826381464,24.82558554367808,Vitali Beach (Παραλία Βιτάλι)
57b9c2ce498ed8856b3c4cee,Beach Bar,37.939010806031625,24.825968742370605,Kampos Beach Bar Vitali
4e5e3e2a52b1425a376e36bb,Beach,37.93838827050647,24.825583411719972,Βιταλι
520e4fab11d23def1879cf26,Tavernas,37.93873364874445,24.824845955469467,Ταβερνα Βιταλι
51fea946498efc416b2fd85a,Resort,37.967891497087805,24.812088895215417,Ανδρος
53b14c40498ee47d2a424475,Military Base,37.934232,24.780219,Ναυτικό Παρατηρητήριο Άνδρου (ΑΝ72Β)
50379670e4b09fce6633ef00,Lighthouse,37.93421019170232,24.76870798287172,AN72B
53edbcdc498ece8a9d182855,Village,37.929597,24.767005,Αμμόλοχος
4c55527430f92d7f87bdeabb,Beach,37.970236701383186,24.79144938395927,Zorgos (Ζόργκος)
56276e13498e3a0de9d4bb5e,Factory,37.95350386544342,24.763494729995728,Ελαιοτριβρείο Χέλμη
51e91c77498e64e3b3010692,Resort,37.96814957432817,24.78742158165908,Aegea Blue villas & suites
4e4bc8cd18a808fd1101aeb6,Greek,37.97028362199032,24.79048604661863,Ο Ζόργκος
536bb6ff498eacfed66e66cb,Village,37.93630664407645,24.734823860833824,Σιδόντας
4c67241e19f3c9b6c825a2ff,Bar,37.920384,24.724281,Scala
5013cc81e4b06a029e2a4b64,Campground,37.9203939008671,24.724173909710945,Παραλία Ποτάμι
5027e04fe4b0b9a3246109b2,Tavernas,37.92041420162847,24.724214119635135,Ταβέρνα ο Κόσσης
54e2ff5a498e4432dc58d718,Lighthouse,37.96347,24.702414,Φάρος - Φάσσα (ΠΝ)
522a96998bbdb597dd67fde9,Real Estate,37.906604717938606,24.751639366149902,Andros Real Estate
5420feab498e63d8cb895356,Beach,37.97582244873047,24.726964950561523,Μικρά Πέζα
55c9d06e498e8da38fadf400,Beach,37.935523,24.825851,Γιδες
51e158ec498e9ff76cd01d51,Greek,37.86184,24.88758,Βράχος
5217440211d2db421e164f74,Boat / Ferry,37.949138046343805,24.697875255790816,blue star ferrys Patmos
51fe4357498e2265a1236313,Farm,37.95812564201154,24.763409632373214,Μελισσοκομείο Τριδήμα
51e2b113498efea94b7b7d87,Beach,37.902735032447254,24.880331743616086,Bora Bora Beach
4d8dc41c6174a0933fb3b7e3,Village,37.95502661288625,24.728550910949707,Χάρτες
51eee3fe498e85c5b191bf4d,Village,37.96153102907905,24.747885132007028,Καλιβάρι
536902a6498e54ec09f326f5,Farm,37.906115591399235,24.78361714399024,Γίδες
5368f35c498ed5d999f27714,Mountain,37.906969,24.753223,Άνω Γαύριο
4d8df8cdca75b60ca5b0f3a8,Beach,37.978568591421975,24.730945390025354,Μεγάλα Πέζα
500e97d1e4b0ebb31e437861,Other Outdoors,37.996544731758206,24.702942647941708,Γυρισμα Ανδρου
4e43e360fa76eeb2dabc34b1,Beach,37.91509565376603,24.697869457819188,Pisolimnionas (Πισολιμνιώνας)
53a93514498e0aca74a6f619,Non-Profit,37.85709965301161,24.730974377255404,Η Αρχόντισα του Αιγαίου (Συνεταιρισμος Γυναικών)
53e60b0a498e569365ae7ba8,Beach,37.932151,24.694253,Καμινάκι
4e36a71663657eebff45131b,Beach,37.94302143078035,24.69249129295349,Vlihada (Βλυχάδα)
56b1ce5b498e36c6d8128684,Cruise,38.02730309710375,24.632242187017475,Steno Kafiréa
564272af498ecda58e63807a,Cruise,37.97666319496287,24.639809802734007,Kaferiaa Strail
5217445611d2122763a6e3dd,Boat / Ferry,38.0383415222168,25.068639755249023,blue star ferry patmos
524eb07311d2a20728bbd6e6,River,38.039669036865234,24.57655143737793,πλατανιστος
5650d177498e376aabd1c51e,Cruise,37.887459138166555,24.608819304877336,Kafireas Starit
